date,Buyout and Growth,Commodity,Emerging Markets Equities,Emerging Markets Fixed Income,Event Driven,Fund of Funds,Global Macro,Hedged Equity,Long/Short Credit,MultiStratHF,MultiStratPE,Non-US Developed Equities,PRIVATE DEBT,Private Real Asset,REAL ESTATE,REITs,Secondaries,US Equities,US Fixed Income
6/30/04,0.016572226,-0.047463499,0.004298864,0.009581072,0.014154106,0.015454417,-0.005776047,0.010299473,0.010869947,0.006247527,0.018844974,0.02222333,0.011138834,-0.002676071,0.00650933,0.042633667,0.012496214,0.022602128,0.005604887
7/31/04,-0.002904869,0.079387625,-0.019899716,0.007300212,-0.011697663,0.000721197,-0.003277199,-0.018925975,0.000172454,-0.011927604,-0.007703386,-0.033445299,-0.006806893,0.016533747,0.007371409,-0.027433631,0.010375862,-0.031768866,0.006983602
8/31/04,0.018630484,-0.011658896,0.040129946,0.024953227,0.00206701,0.015030338,-0.005066554,0.001242513,0.008005216,3.89E-05,0.014595266,0.008013716,0.005790188,-0.000486357,0.015897282,0.032057343,0.018306725,-0.000540576,0.01889124
9/30/04,0.029350491,0.107455946,0.056107874,0.01278202,0.023616756,0.019811762,0.026121517,0.024264028,0.017001506,0.023923856,0.025122811,0.026174587,0.021847858,0.021860984,0.023953223,0.018777457,0.028916946,0.005917015,0.004133683
10/31/04,0.039216642,0.039649133,0.023202361,0.01472174,0.018969425,0.015883044,0.011373183,0.012895822,0.013923726,0.011939034,0.026739716,0.032471582,0.02587368,0.011708711,0.025184184,0.03964435,0.029612538,0.017424355,0.008531297
11/30/04,0.047912613,-0.046438437,0.090303794,0.006871123,0.045481829,0.028264996,0.025851282,0.036042789,0.020098473,0.03030657,0.039869493,0.062182027,0.048899737,-0.002965261,0.029710854,0.054683069,0.041725407,0.039394965,-0.008854079
12/31/04,0.039640202,-0.102262544,0.047073676,0.022797938,0.023965393,0.014140435,0.00536846,0.017618799,0.014964568,0.014728288,0.027322748,0.043441223,0.037900747,-0.009073829,0.023363732,0.054136048,0.017505009,0.033046095,0.009969789
1/31/05,-0.012985304,0.064122694,0.001538888,0.002951305,-0.008915348,-0.004662457,-0.005351132,-0.006844572,-0.001103154,-0.004030247,-0.009562695,-0.022099034,0.000119693,0.01470345,0.010584214,-0.068369461,-0.002468668,-0.022624634,0.005501321
2/28/05,0.016505622,0.065297035,0.084259689,0.009035853,0.01735782,0.014934694,0.017433851,0.023547645,0.014178154,0.019890244,0.017680267,0.03705447,0.028937427,0.016075973,0.032370289,0.020216562,0.016161131,0.024172632,-0.006883931
3/31/05,-0.011931631,0.068185748,-0.067818453,-0.023242686,-0.010174828,-0.002344981,-0.005273879,-0.0116167,-0.012120147,-0.010217238,-0.005144206,-0.023037749,-0.004863606,0.022823403,0.020294345,-0.030794964,0.014036424,-0.014915795,-0.00608577
4/30/05,0.003592484,-0.091546747,-0.026416894,0.012607815,-0.023000468,-0.004267257,-0.010340226,-0.023012252,-0.007344192,-0.017034853,0.010083615,-0.019884268,-0.015809898,-0.006865293,0.016082393,0.032880984,-0.011136853,-0.020989969,0.015042068
5/31/05,0.022720958,-0.005687379,0.033447717,0.022228248,0.018230104,0.014146068,0.004515663,0.018644023,0.015416009,0.014672879,0.026849571,0.004156979,0.011685207,0.007759332,0.025854012,0.028926534,-0.000378201,0.026736986,0.011738422
6/30/05,0.021583977,0.052937962,0.033399788,0.013773116,0.017052417,0.017940534,0.010679292,0.01924497,0.017953944,0.017542588,0.022114816,0.011885941,0.011761419,0.012947099,0.028667481,0.043840474,0.004504424,0.002157094,0.005096632
7/31/05,0.020177005,0.052257949,0.066493873,0.001772341,0.027644963,0.025433193,0.007999375,0.029803729,0.021763907,0.023899044,0.022991315,0.031928078,0.021277563,0.016209593,0.023977118,0.055917416,0.038727252,0.032219904,-0.009451009
8/31/05,0.011230262,0.140660295,0.009391801,0.01647393,0.005087435,0.020641928,0.007753149,0.006856268,0.008692034,0.007772997,0.011764113,0.024151151,0.004961881,0.024145164,0.027827537,-0.024778587,0.04666644,-0.007878414,0.013612139
9/30/05,0.02043926,0.001187773,0.088571995,0.009817648,0.01055119,0.02921775,0.019997354,0.021932016,0.012141192,0.020301679,0.023734864,0.037098429,0.014439146,0.011307463,0.032093831,0.005076324,0.033426471,0.013211496,-0.011241586
10/31/05,0.006122762,-0.10867042,-0.066703914,-0.01441471,-0.026153518,-0.006656773,-0.007709594,-0.021822892,-0.003065071,-0.018761303,0.003704592,-0.024036464,-0.007703699,-0.003111877,0.023103177,-0.038211046,-0.010583763,-0.019707238,-0.00926776
11/30/05,0.036556117,-0.034640959,0.080515934,0.016547068,0.020122091,0.017412285,0.015848321,0.025110654,0.014711514,0.021095696,0.033002937,0.025924174,0.019300599,0.005091516,0.038316946,0.035128144,0.013458777,0.034146946,0.005822142
12/31/05,0.035326119,0.033662511,0.057720928,0.014743262,0.017392632,0.021517986,0.013234654,0.023592322,0.017826143,0.020085411,0.028649922,0.039533213,0.010783714,0.013507399,0.038072971,0.01755023,0.043007448,0.003967873,0.010528106
1/31/06,0.028051844,0.047313883,0.106039684,0.013750467,0.038356838,0.025543968,0.023164402,0.041492442,0.02203124,0.036155841,0.027139934,0.053919153,0.020613388,0.00952588,0.022312329,0.063017672,0.025854117,0.028908325,-0.000515852
2/28/06,-5.40E-05,-0.105518134,-0.000451283,0.014502303,0.004126176,0.007554932,-0.004016416,-0.002782936,0.005399626,-0.000490231,0.004667327,-0.002033431,-0.000305853,-0.004211521,0.013870608,0.025948426,-0.000110754,0.002482406,0.003087442
3/31/06,0.013703129,0.046780735,0.010720108,-0.010804498,0.027337546,0.014241284,0.012890003,0.024699268,0.015379001,0.020992391,0.015191307,0.028539476,0.020038573,0.015959875,0.022561367,0.025627434,0.007087886,0.015979191,-0.009240134
4/30/06,0.027797011,0.067381986,0.068218231,0.00403139,0.015874584,0.0227577,0.028731965,0.01982132,0.015311256,0.020809584,0.025903209,0.046500856,0.036233114,0.019242882,0.026600984,-0.010377084,0.03312555,0.014428654,-0.002164866
5/31/06,-0.011316446,-0.006294513,-0.108574396,-0.017229836,-0.013889652,-0.006102063,-0.011934946,-0.027956826,-0.003809177,-0.020461008,-0.010373453,-0.032637115,0.005552869,0.015289451,0.008355947,-0.038284671,0.006041767,-0.031807822,-0.001218982
6/30/06,0.008948005,0.010842903,-0.002411068,0.001237506,-0.003327159,0.008693376,-0.004937824,-0.003416962,0.00196849,-0.002472633,0.006483458,0.001284537,0.003083445,0.007986729,0.009845633,0.033477846,0.012835251,0.000402933,0.002446463
7/31/06,0.015269119,0.019840918,0.013041403,0.022718199,-0.006225589,0.010403616,-0.000997358,-0.004820894,0.005447589,-0.00110057,0.009824302,0.010656279,0.001143442,0.014892548,0.03141711,0.031130551,0.010712078,0.006430929,0.013649793
8/31/06,0.023723923,-0.073721956,0.025355844,0.020454724,0.014155673,0.017850775,0.00402929,0.012832216,0.012784496,0.012250321,0.023947942,0.02504441,0.010242631,0.000848691,0.049614933,0.042108694,0.008208779,0.025936322,0.016332786
9/30/06,0.016670193,-0.111017583,0.008214583,0.008740828,0.003788181,0.011780203,-0.00596543,0.002013765,0.011828576,0.001786509,0.018519385,0.006354611,0.006193557,-0.005266614,0.016955996,0.02967342,0.01005502,0.019424269,0.009362246
10/31/06,0.025769037,-0.020529988,0.047049984,0.0162272,0.026993715,0.027012946,0.010368568,0.021352934,0.015437985,0.019524466,0.03358703,0.039061429,0.02554374,0.011816649,0.069095006,0.052027648,0.020746392,0.032470028,0.006692584
11/30/06,0.024087412,0.052750781,0.07260995,0.017549338,0.021073003,0.022649616,0.022877159,0.022965659,0.016112715,0.022850002,0.030834483,0.030456311,0.021885803,0.015112631,0.025870309,0.046624576,0.025990594,0.015344347,0.011820874
12/31/06,0.01988197,-0.072104492,0.044676519,0.007104535,0.015851309,0.027757527,0.010811054,0.013207497,0.017011652,0.013327572,0.027817116,0.027929371,0.010953959,-0.001808118,0.028299899,0.009592773,0.017097256,0.015078987,-0.006772642
1/31/07,0.015399455,-0.02635528,-0.010600732,0.000704911,0.015111179,0.013928729,0.003853278,0.010491013,0.013382316,0.009815357,0.016800616,0.008711649,0.010505464,0.009477186,0.008448483,0.056794908,0.022483549,0.013993402,-0.001113524
2/28/07,0.01086772,0.045136646,-0.004700398,0.013858866,0.007978372,0.006836389,0.002317371,0.005131289,0.010157778,0.005331011,0.012113679,0.005447153,0.001995484,0.017821187,0.011047698,-0.003595447,0.020991126,-0.016249615,0.016155341
3/31/07,0.021631803,0.033825925,0.03972179,0.007209839,0.013629061,0.010418036,0.000841407,0.01302021,0.009061201,0.011400943,0.020027952,0.024086175,0.010380924,0.010884671,0.005752023,-0.007603846,0.02033749,0.012606787,-0.0001532
4/30/07,0.038663637,-0.002751929,0.045969902,0.011854138,0.02087908,0.019471508,0.01748737,0.020788824,0.013782511,0.019813533,0.036215758,0.043224568,0.038463757,0.009377547,0.031211612,0.01313235,0.013257762,0.044901912,0.005516416
5/31/07,0.035328394,-0.011663509,0.048773783,-0.000341586,0.022186584,0.016717508,0.017030156,0.022998604,0.016118277,0.020375104,0.029683554,0.022759194,0.033886646,0.00771423,0.018077397,0.006027042,0.015260978,0.029625666,-0.007222025
6/30/07,0.020502127,0.030719444,0.04401715,-0.011257307,-0.005402474,0.004512381,0.013819591,0.006238025,-0.002820619,0.005595074,0.010925221,0.00096994,0.007184011,0.005515176,0.010589248,-0.086497919,0.005885702,-0.015479946,-0.003454343
7/31/07,0.019060719,0.052815509,0.048466383,-0.003451745,-0.015962505,0.007809631,0.005489802,-0.000336279,-0.012789194,-0.002086854,-0.000635225,-0.011936297,-0.015100464,0.009438141,-0.015437662,-0.066995678,0.017377745,-0.033288621,0.009434528
8/31/07,0.017311462,-0.04389408,-0.020751557,0.012819495,-0.018544578,0.010408819,-0.018264554,-0.015933152,0.003529454,-0.016311162,0.002928836,-0.010447176,0.003265151,0.001462247,-0.016051596,0.040070085,0.003290906,0.010430462,0.01386396
9/30/07,0.047962242,0.094406447,0.105800996,0.021374306,0.023197646,0.032946203,0.031569818,0.033175009,0.020266425,0.030775728,0.027561276,0.054370037,0.028788321,0.01695768,7.02E-05,0.047462299,0.037893896,0.036857942,0.006864755
10/31/07,0.032986836,0.090752274,0.105751284,0.020122088,0.025004725,0.021051348,0.030758516,0.033471068,0.016942308,0.031082449,0.028840891,0.043983435,0.0107784,0.012645805,-0.001475384,0.014678662,0.031543641,0.01319765,0.009538554
11/30/07,-0.015450069,-0.036095164,-0.071419814,-0.000709126,-0.038224474,-0.013352827,-0.009571707,-0.035713457,-0.019557451,-0.028756203,-0.013536854,-0.036750683,-0.026553755,0.003416448,-0.017407264,-0.088092359,-0.007095836,-0.041795169,0.020005821
12/31/07,0.003361794,0.058652289,0.003998978,0.005524002,0.000290651,0.010810339,0.008990684,0.003779931,7.17E-05,0.004689632,0.004231369,-0.018761908,0.002510208,0.017532024,-0.004013012,-0.043754828,0.016407211,-0.009803601,0.001439475
1/31/08,-0.037127318,0.00295735,-0.13048784,0.002677992,-0.033326698,-0.026349247,0.011594022,-0.050039305,-0.021725387,-0.030762786,-0.027713103,-0.085966204,-0.019623695,0.019692945,-0.010843293,-0.042984958,-0.019075693,-0.071414817,0.016796675
2/29/08,0.009677618,0.105233268,0.069926718,0.002930245,0.010167963,0.00926225,0.039389461,0.018454844,-6.16E-05,0.020859567,0.008099354,0.010715453,0.010963784,0.021159211,-0.002721226,-0.018721323,0.020009257,-0.025475382,0.002115085
3/31/08,-0.005118424,-0.017580237,-0.052371346,-0.000220639,-0.015468576,-0.004282811,-0.01076645,-0.028352889,-0.032760243,-0.025095063,-2.60E-05,-0.010002658,-0.007075567,-0.003075097,-0.018193825,0.030722248,-0.003108777,-0.007064277,0.003300006
4/30/08,0.026773322,0.075812037,0.079930225,0.012484076,0.020292922,0.026796754,-0.001875216,0.028021315,0.031093659,0.020011556,0.023591993,0.053359188,0.020640568,0.017513611,0.001917412,0.042294484,0.015158261,0.047168427,-0.003932492
5/31/08,0.008358252,0.084109954,0.019953194,-0.002061741,0.018871909,0.008503473,0.011543517,0.024665668,0.012515386,0.019419554,0.007706571,0.012786049,0.007510178,0.0197638,-0.001754533,-0.01812687,0.000539719,0.011369694,-0.008699964
6/30/08,-0.042639385,0.089697912,-0.102622104,-0.02015982,-0.027388842,-0.004193413,0.011946525,-0.032820333,-0.01910838,-0.019171451,-0.042421332,-0.086061059,-0.018326931,0.025988977,-0.007093679,-0.121527713,0.000185446,-0.085478183,-0.001220341
7/31/08,-0.015088977,-0.128314101,-0.040326349,0.006580908,-0.017708534,-0.020391934,-0.025265444,-0.02886985,-0.011596977,-0.025997603,-0.010484318,-0.029445797,-0.029228086,-0.00947424,-0.043337021,0.001919749,-0.03395034,-0.013491162,0.000185328
8/31/08,-0.015139022,-0.075809001,-0.082714324,0.002764407,-0.00401798,-0.012651883,-0.01002372,-0.018633022,-0.002738257,-0.011852635,-0.015079641,-0.03904822,-0.018226325,0.004742734,-0.037347598,-0.000224624,-0.020110692,0.010191978,0.010137634
9/30/08,-0.071430702,-0.132830181,-0.188093116,-0.064457724,-0.079309972,-0.035429871,-0.009871165,-0.089140968,-0.097366777,-0.068173594,-0.068371542,-0.152678308,-0.084913864,-0.000957819,-0.021881022,-0.069269643,-0.033687376,-0.098002031,-0.013798931
10/31/08,-0.117794017,-0.332259158,-0.318291298,-0.140803535,-0.10184454,-0.05518916,0.01352056,-0.104139344,-0.112273398,-0.07607768,-0.119577123,-0.227397879,-0.106373783,-0.051179973,-0.157585396,-0.399608497,-0.044166738,-0.18341173,-0.026831012
11/30/08,-0.036764565,-0.157037777,-0.077158419,0.024098542,-0.025639988,-0.026175005,0.005868391,-0.034372655,-0.006851723,-0.022327203,-0.03980068,-0.061176027,-0.055850654,-0.022281425,-0.030441961,-0.183114499,-0.02575781,-0.066108634,0.036329135
12/31/08,0.015860127,-0.137584491,0.074676928,0.058136213,-0.002833804,-0.001716582,0.00854354,0.011699865,0.003621458,0.010620058,0.019413325,0.050573429,0.025447159,-0.022696583,-0.053375245,0.126363604,-0.0147787,0.014997703,0.040412984
1/31/09,-0.033053513,-0.088462215,-0.068050578,-0.005586188,0.011115297,-0.027404122,-0.002385394,-0.010098484,0.038773662,-0.000880132,-0.034742265,-0.104886267,-0.003364095,-0.048838287,-0.032153519,-0.156257146,-0.027116629,-0.087608124,-0.012858319
2/28/09,-0.040994284,-0.060090109,-0.060745678,-0.014141402,-0.016598075,-0.026714115,-0.001875527,-0.026752276,-0.00145285,-0.015546743,-0.039618296,-0.112710851,-0.032884072,-0.057203772,-0.033532041,-0.172160989,-0.017395622,-0.108116388,-0.004950913
3/31/09,0.046958872,0.043001692,0.136200476,0.047051348,0.025584077,0.021087928,-0.003836248,0.035023974,0.020085508,0.022060235,0.045811473,0.067131538,0.028195633,-0.01488258,0.011973647,0.094820453,0.003956614,0.078325875,0.017699806
4/30/09,0.047932127,-0.007446686,0.156357698,0.049612036,0.040928897,0.014091054,-0.000540618,0.059430795,0.04632549,0.041536881,0.053701057,0.112116212,0.058838729,-0.005196693,-0.047878181,0.210464429,-0.005884767,0.097301638,0.00210048
5/31/09,0.038925527,0.178144929,0.16048888,0.035301354,0.052168369,-0.012255374,0.031214889,0.060402908,0.054050572,0.051415979,0.014990374,0.108591485,0.037701923,0.015422172,-0.018158364,0.074850557,0.000547876,0.06087253,0.004652193
6/30/09,-0.015257681,0.008826693,-0.012562262,0.010885348,0.008110039,-0.011368291,-0.011112319,-0.002053911,0.007328264,-0.002719366,-0.059643669,-0.007449336,0.005891762,-0.006307686,-0.046594532,0.004128912,-0.00054328,-0.000104479,0.006198246
7/31/09,0.039111317,0.008286502,0.106447321,0.037803901,0.033356854,0.02685897,0.005514645,0.034483335,0.042085896,0.027283704,0.041458612,0.088279589,0.043660312,0.008446051,0.008931601,0.110499897,0.015042004,0.074604232,0.016285852
8/31/09,0.015138016,-0.022178353,-0.004109082,0.01539681,0.020404869,0.011364097,0.003583997,0.014294621,0.015266176,0.011969035,0.022274673,0.046670544,0.023595004,0.009025638,-0.006810882,0.112071658,-1.91E-05,0.041162335,0.009666761
9/30/09,0.021874719,0.001348662,0.087517027,0.044246416,0.039074626,0.012045095,0.015750666,0.031700492,0.035492389,0.027644122,0.026086676,0.039026834,0.034860021,-0.000720965,-0.006711373,0.061211495,0.001160958,0.035145872,0.011464487
10/31/09,0.00311057,0.055651426,0.001128175,0.002678775,-0.006063759,0.0033769,-0.004241539,-0.010763523,0.001845589,-0.006922282,-0.003168345,-0.015508986,0.002123761,0.023133551,-0.026719992,-0.041281216,-3.22E-05,-0.01673888,0.003936543
11/30/09,0.029837586,0.018569774,0.043810673,0.017156045,0.011180081,0.025706495,0.020396006,0.016000856,0.00629517,0.016089996,0.024406715,0.028949806,0.019652444,0.020479709,0.000591188,0.036377417,0.014170214,0.050157322,0.013520985
12/31/09,0.022748171,0.007369003,0.039256228,-0.000229723,0.028905023,0.02083992,-0.010743252,0.023877978,0.024703876,0.014863475,0.021125008,0.009734987,0.027253285,0.030804274,-0.009243491,0.028686572,0.010944772,0.021740361,-0.019028636
1/31/10,-0.013203754,-0.084252548,-0.056529101,0.006286037,-0.001121451,-0.008983119,-0.019599788,-0.018769091,0.011980756,-0.012502991,-0.013496491,-0.044336371,-0.007141942,-0.01025791,-0.011008097,-0.048114171,-0.012649625,-0.037267374,0.01485338
2/28/10,0.016375915,0.054281696,0.004719304,0.00903706,0.006867262,0.014046708,0.003032029,0.009955117,0.002095869,0.007937527,0.01320477,-0.000637662,0.01323431,0.014543076,0.008127635,0.025640234,0.016287353,0.024147068,0.004243537
3/31/10,0.041560692,0.019713032,0.079709318,0.019415245,0.037367464,0.036063574,0.01520907,0.036404091,0.029747221,0.029314391,0.040661989,0.05667075,0.03206661,0.002223139,0.013092064,0.079162167,0.026763106,0.061162991,-0.002753227
4/30/10,0.014118616,0.027957146,0.012391595,0.010829346,0.016163192,0.008098585,0.007049125,0.011050054,0.012649157,0.010329399,0.01841164,-0.014535387,0.01664985,0.014903806,0.008655674,0.043530937,0.027602737,0.011236776,0.011125554
5/31/10,-0.0369159,-0.138191536,-0.09244722,-0.015398736,-0.044249982,-0.022770849,-0.014437238,-0.049819751,-0.033380534,-0.036405521,-0.033343035,-0.115330403,-0.033167742,-0.008299547,-0.012378493,-0.088337105,0.003951143,-0.087224932,0.010029591
6/30/10,-0.001216446,0.001246299,-0.008203223,0.019663416,-0.010296094,-0.010602082,-0.000971743,-0.017446353,0.003991063,-0.009399814,-0.00402145,-0.016596633,-0.005407291,0.006619488,-0.005330722,-0.027355511,0.008440346,-0.046633064,0.016472358
7/31/10,0.046267128,0.052406816,0.07929735,0.035521994,0.029895134,0.029690896,-0.00027791,0.031183564,0.027390723,0.022023284,0.044407332,0.090060851,0.031669722,0.017070364,0.023717636,0.106024043,0.025310791,0.068215167,0.011624952
8/31/10,-0.009747542,-0.053978521,-0.019873858,0.016479545,-0.01185079,-0.006262905,0.014579515,-0.017447565,-0.000792204,-0.004205087,-0.011030537,-0.034845857,-0.009028755,-0.001061985,-0.002931957,-0.010843273,-0.000632858,-0.040606762,0.01419762
9/30/10,0.051152494,0.079512036,0.106574119,0.023075183,0.037344965,0.037221871,0.024104333,0.052364771,0.026470757,0.038631047,0.048901211,0.089116296,0.042342949,0.018672734,0.026209483,0.081941549,0.036098137,0.087235519,0.001154842
10/31/10,0.02464666,0.026861026,0.029077967,0.016361036,0.020775537,0.016252877,0.020010108,0.022098017,0.017860396,0.020251364,0.023290963,0.036782397,0.020268148,0.008876614,0.012156053,0.04864246,0.014545148,0.035244592,0.002881167
11/30/10,-0.004450307,0.010755294,-0.024711173,-0.022195321,-0.003875386,0.010151899,-0.009955577,0.000548944,-0.006062677,-0.00307724,-0.002400209,-0.047246939,-0.005571699,0.004458953,0.00256241,-0.045980153,0.012136484,-0.003201062,-0.007182667
12/31/10,0.04365452,0.09335549,0.069348011,-0.000206039,0.035222342,0.026203516,0.030595616,0.03970338,0.021037742,0.032950357,0.044047952,0.074101763,0.033925681,0.023652679,0.025653099,0.065378347,0.018769191,0.066369948,-0.013458674
1/31/11,0.01730285,0.025963639,-0.027522088,-0.000419557,0.012078938,0.012797975,-0.00498722,0.000417828,0.013793329,0.001179192,0.015457356,0.024210209,0.012788119,0.013724517,0.013116757,0.022570744,0.016830612,0.02141822,0.001490465
2/28/11,0.023486651,0.033106994,-0.008911412,0.002759072,0.012554458,0.018442189,0.011303891,0.013106772,0.010230119,0.011727333,0.022533117,0.03162072,0.016423189,0.014148332,0.017024202,0.038936062,0.022647422,0.033602188,0.002381075
3/31/11,0.011096672,0.041874675,0.056307321,0.008515189,0.002189171,0.014065971,-0.009320422,0.007180914,-0.000760969,0.000735302,0.009600802,-0.0150756,0.007785928,0.004218006,0.009540108,-0.008380829,0.022647679,-0.005965692,9.16E-05
4/30/11,0.024395128,0.045095413,0.030814024,0.014924869,0.014257863,0.020313274,0.021451945,0.015912131,0.011197595,0.016705416,0.028303105,0.05385661,0.021522637,0.017692333,0.02037242,0.055589001,0.02233539,0.033320691,0.013505108
5/31/11,-0.007007242,-0.072301338,-0.025887562,0.012435477,-0.010861656,0.001489601,-0.020691119,-0.014610157,-0.004819442,-0.01443668,-0.000380976,-0.027851394,-0.003222105,-0.000371302,0.003073503,8.71E-05,0.003720979,-0.012383725,0.01485982
6/30/11,-0.002870181,-0.053483761,-0.015984691,0.004829579,-0.012356443,0.004804534,-0.016640952,-0.012667083,-0.007927733,-0.012630736,0.00392131,-0.013254356,-0.006137759,0.003418289,0.003560976,-0.033759414,0.010849283,-0.016454206,-0.003989467
7/31/11,0.003872039,0.022190381,-0.005486194,0.018648439,-0.002360078,0.002176732,0.015700028,-0.004192351,0.003844996,0.002484276,0.000702545,-0.013152183,0.00050515,0.00755589,0.005031465,0.004995409,0.010408324,-0.021778391,0.017254322
8/31/11,-0.030143954,-0.021276599,-0.092094166,-6.44E-05,-0.048032218,-0.013458115,-0.00505108,-0.051574839,-0.035250125,-0.035381682,-0.030270166,-0.086388617,-0.027187384,0.003464879,-0.00055344,-0.073151797,-0.00214236,-0.061332938,0.016719993
9/30/11,-0.043083762,-0.134709278,-0.153686909,-0.034220216,-0.048502554,-0.014079062,-0.011397583,-0.066505865,-0.030397564,-0.044056707,-0.042429272,-0.102077425,-0.041109355,-0.024884925,-0.019164422,-0.101071724,-0.007932657,-0.072894818,0.005398559
10/31/11,0.051872311,0.093115885,0.125158161,0.041666464,0.052930843,0.032936024,-0.008320715,0.057794092,0.036832894,0.036332873,0.057930846,0.093808621,0.044748083,0.024146007,0.027100471,0.124065646,0.019911964,0.100080549,0.000337354
11/30/11,-0.014636285,0.012770723,-0.065759033,-0.011187349,-0.018588471,-0.001274857,-0.005291887,-0.020533278,-0.015595055,-0.013910523,-0.010114407,-0.04434016,-0.010600666,0.011536142,0.002213481,-0.095227738,0.004846404,-0.009509507,-6.26E-05
12/31/11,-0.001725358,-0.026426766,-0.011061652,0.014408136,-3.51E-05,0.009495969,-0.001900792,-0.009954141,0.008342255,-0.004634623,0.003658302,-0.009839288,0.006050438,0.003301121,0.006476726,0.063009324,0.009066769,0.009530606,0.011234485
1/31/12,0.03320246,0.020538563,0.107902033,0.021440678,0.034982604,0.009204658,0.010354229,0.041541441,0.028409717,0.030418094,0.033357843,0.052824741,0.021957126,0.009014918,0.011529552,0.080710977,0.002508787,0.04429965,0.009527392
2/29/12,0.028985967,0.057879348,0.060176588,0.023335251,0.02173671,0.017278296,0.007334658,0.029333299,0.019471537,0.022204037,0.02745051,0.052510098,0.019829656,0.014012658,0.010095743,0.013253288,0.01232408,0.043643499,-0.00139299
3/31/12,0.004998563,-0.026410094,-0.032982583,-0.005113349,-0.00112714,0.010345507,-0.011922076,-0.001846537,-0.001398966,-0.004230227,0.005872387,-0.001500348,0.004400627,0.001674101,0.002620216,0.024341002,0.008902585,0.025861275,-0.007169085
4/30/12,0.00245673,-0.005744228,-0.011526774,0.017373841,-0.005225023,0.006852306,-0.005293522,-0.008904743,0.00077561,-0.00609935,0.002662988,-0.01438713,0.00326011,0.000260653,0.001479185,0.024918362,0.01189923,-0.009376279,0.013013693
5/31/12,-0.041188137,-0.137702816,-0.116894724,-0.021068201,-0.034640504,-0.012226496,0.00350449,-0.053040004,-0.022135048,-0.031384936,-0.036781295,-0.114442824,-0.020900689,-0.018176751,-0.011040653,-0.0677065,-0.001098998,-0.06770329,0.009905784
6/30/12,0.029051609,0.013129439,0.036290757,0.029639927,0.009431025,0.021086213,-0.01411576,0.013903056,0.014251822,0.005919652,0.029504555,0.057827405,0.023417276,0.011438277,0.017308652,0.064129494,0.014114285,0.048310075,-0.000176619
7/31/12,0.011925423,0.058383029,0.018518593,0.026603833,0.004695403,0.00446479,0.017372095,0.004011421,0.010861248,0.009546417,0.008060577,0.011650406,0.012341198,0.017035186,0.01187891,0.028715599,0.012149324,0.014803039,0.0138527
8/31/12,0.015703402,0.057630472,-0.002503047,0.008442108,0.015105688,0.006004511,-0.002589601,0.013197525,0.011568516,0.008892692,0.014875035,0.024876699,0.013563345,0.01150255,0.006361329,0.005412984,0.009734818,0.022170909,0.001123811
9/30/12,0.020232827,-0.011391829,0.059133313,0.014634673,0.014953875,0.004822773,-0.001021487,0.019016314,0.014044238,0.012269923,0.019085124,0.030220989,0.018366238,0.002597792,0.010692152,0.010029576,0.008742909,0.024748645,0.000578327
10/31/12,0.00210315,-0.042997685,-0.005571249,0.005860187,0.002071923,0.001749302,-0.01670616,-0.004841243,0.006292821,-0.00559734,0.003406823,0.007454913,0.002905429,-0.001260276,0.001662156,0.005630591,0.004192966,-0.01642672,0.000938411
11/30/12,0.01059269,0.013367422,0.014102753,0.014664459,0.009919953,0.011096016,-0.000575102,0.006285134,0.006866015,0.005340084,0.009105803,0.017813706,0.011286111,0.007553238,0.006714028,0.004983111,0.012467141,0.009325061,0.002447786
12/31/12,0.017323487,-0.006730361,0.048248565,0.007891972,0.021675488,0.009440365,0.009474923,0.017281869,0.018444631,0.015120287,0.017941531,0.031425559,0.012641658,0.002391404,0.006800094,0.033808046,0.006708752,0.009949648,-0.002303851
1/31/13,0.025979116,0.039995419,0.013456764,-0.006270404,0.02533904,0.013099828,0.013606826,0.032109143,0.019121656,0.025115005,0.024238655,0.050461345,0.021979042,0.015247417,0.016117686,0.036984445,0.009511332,0.04992501,-0.007529672
2/28/13,0.003389163,-0.044847643,-0.011244264,0.002676585,7.63E-05,0.004186289,-0.005849437,0.001490877,0.000270066,-0.000218777,0.002628356,-0.009551306,0.003296687,-0.001220936,0.006757944,0.011753811,0.003508298,0.011859807,0.006104807
3/31/13,0.012500809,0.011499435,-0.016313736,-0.001412065,0.01152468,0.013497124,0.004367044,0.011399234,0.010155654,0.009935916,0.012285963,0.010792072,0.014148574,0.012516263,0.013509383,0.034368506,0.016277373,0.032424657,0.001860484
4/30/13,0.021155527,-0.045882001,0.007244787,0.021812467,0.008423299,0.012015549,0.00657046,0.003771496,0.012963516,0.006006346,0.020435585,0.046525825,0.013713012,-0.001063247,0.013797713,0.060583532,0.015726352,0.023211647,0.010665824
5/31/13,0.004568674,-0.015949153,-0.025618807,-0.032416463,0.017161981,-0.001871024,-0.010581593,0.009834979,0.003461626,0.003166965,0.005538776,-0.01624496,0.0082311,0.00495752,0.005992357,-0.081572967,-0.002517575,0.014569296,-0.019817875
6/30/13,-0.007419571,-0.001500135,-0.065951292,-0.039295009,-0.016937757,0.003821747,-0.012820791,-0.017522262,-0.020535657,-0.016203822,-0.005998459,-0.032339637,-0.00609803,-0.001185101,0.00317137,-0.038569446,0.012824882,-0.018507446,-0.017618264
7/31/13,0.027608902,0.044930927,0.00817276,0.009439859,0.021486378,0.022269277,-0.000544375,0.025007031,0.016032426,0.016058724,0.03008863,0.051292849,0.023857286,0.01988003,0.015227807,0.015258463,0.015942831,0.050806951,0.00191324
8/31/13,-0.001817444,0.036712534,-0.016446195,-0.023633404,-0.006338997,0.002624267,-0.009206601,-0.008072328,-0.002746739,-0.006937274,-0.001325344,-0.015581254,-0.001512656,0.020532476,0.006227034,-0.062370176,0.008822975,-0.028034675,-0.006090458
9/30/13,0.032890309,-0.034377704,0.063229519,0.023060694,0.021425059,0.024397942,-0.001406922,0.029412473,0.017325788,0.019201054,0.035398173,0.065092925,0.016712762,0.00353792,0.012314548,0.063772533,0.024816277,0.034775112,0.010566734
10/31/13,0.029643323,-0.015493204,0.047818159,0.021307443,0.015104281,0.020576465,0.006450561,0.018451891,0.014800883,0.014019383,0.027388778,0.034334495,0.016545726,0.002471746,0.015407527,0.050632108,0.008002322,0.044424306,0.009737867
11/30/13,0.016680941,-0.009448935,-0.01377252,-0.014270457,0.009487999,0.015345483,0.005680847,0.009081826,0.004600212,0.00820666,0.014828654,0.008798663,0.013042466,0.006312884,0.011893848,-0.042862261,0.007745299,0.026864433,-0.004291061
12/31/13,0.019661888,0.022321901,-0.014015488,0.001034589,0.012035732,0.021249905,0.004504454,0.012912021,0.007018044,0.009684116,0.018365707,0.015886228,0.01431315,0.012596306,0.015223202,0.002691164,0.017461557,0.023886272,-0.007379428
1/31/14,-0.011936774,-0.01526646,-0.065549435,-0.003283284,-0.005389976,0.002600043,-0.009643742,-0.014052634,0.002615423,-0.009254931,-0.007581343,-0.038358353,-0.002774898,0.008678398,0.001082052,0.01232057,0.013227255,-0.038179961,0.016087301
2/28/14,0.029545602,0.047597648,0.03334823,0.024523481,0.022868007,0.024553135,0.012360024,0.02688015,0.016403163,0.021054334,0.029049196,0.050565882,0.028081116,0.018287786,0.019223169,0.051133024,0.022478856,0.046470401,0.005770949
3/31/14,0.00759848,0.000764312,0.030778629,0.005664413,-0.002156085,0.007688359,-0.007627663,-0.003726235,-0.000288986,-0.003824112,0.010141415,-0.003795119,0.008183482,0.004934056,0.009420283,0.004616944,0.002835742,0.007997576,-0.003108272
4/30/14,0.011499124,0.008526233,0.003420723,0.012539344,-0.003040853,0.005098523,0.000426769,-0.007756506,0.003362212,-0.003209219,0.008737607,0.015250761,0.005054758,0.022885148,0.011683888,0.032009639,0.000292389,0.009148635,0.00855373
5/31/14,0.018535374,-0.003111252,0.035630391,0.024874788,0.009287306,0.017118132,0.005332134,0.011410075,0.009257195,0.009761119,0.016120097,0.017996603,0.006525104,0.014672096,0.008977043,0.028717891,0.013639712,0.021213521,0.01288178
6/30/14,0.018152738,0.020879271,0.025252048,0.006858687,0.015609349,0.015442044,0.005749374,0.017674694,0.010156178,0.013369061,0.017526171,0.013936634,0.012899451,0.020825868,0.012528647,0.017440286,0.015175565,0.017041445,-0.000426994
7/31/14,-0.000855676,-0.053988407,0.016442042,0.000689606,-0.014980763,0.003333237,-0.003503332,-0.013038548,-0.005923627,-0.009248953,-0.004110321,-0.016259276,-0.010467313,-0.006341363,0.001415602,-0.010391901,0.004000607,-0.013865407,-0.003288206
8/31/14,0.014682379,-0.017986255,0.022912667,0.009715851,0.008709928,0.018972993,0.014204536,0.015859483,0.00621401,0.013808942,0.014558868,0.003765971,0.01676598,0.002721774,0.016291505,0.031359502,0.013264527,0.035492152,0.012556134
9/30/14,-0.012385748,-0.062639208,-0.075375748,-0.023673284,-0.021638327,0.002516074,0.010242383,-0.024053728,-0.013092893,-0.012412808,-0.012917353,-0.036768595,-0.012126189,-0.001637704,0.001064137,-0.070781858,0.002044049,-0.016436058,-0.00872505
10/31/14,0.009797902,-0.060021568,0.011675449,0.015797604,-0.017639273,0.012361558,-0.000893948,0.001506814,-0.004326674,-0.002242394,0.013316432,-0.011141033,0.012897207,-0.004975439,0.015265524,0.067763662,0.000342247,0.020746221,0.010103728
11/30/14,0.014214543,-0.118101281,-0.009915671,-0.004185909,0.008328278,0.016771162,0.02169422,0.003401747,0.002072167,0.008416848,0.016372283,0.012647309,0.009957603,-0.011711474,0.017081408,0.019175569,0.006869995,0.027508594,0.008047472
12/31/14,-0.002238082,-0.144011703,-0.047097719,-0.020360013,-0.002666012,0.006530505,0.003116105,-0.005731801,-0.00739197,-0.003257981,0.003170854,-0.029036692,0.00020835,-0.019095247,0.00850754,0.002441738,0.004153092,-0.006836705,-8.50E-05
1/31/15,-0.000856642,-0.074870536,0.005744266,0.009692228,-0.010426382,0.006566469,0.0243995,-0.008383467,0.000605928,0.00099867,-0.001846842,-0.006010088,0.00186503,-0.002646114,0.006283474,0.053336715,0.010640654,-0.02188536,0.022705543
2/28/15,0.033796842,0.06127399,0.030801906,0.008144129,0.033818201,0.025462434,0.001933081,0.030301972,0.023936472,0.021529539,0.032144466,0.054739408,0.025854168,0.018040663,0.016655078,-0.010187994,0.018758275,0.057533443,-0.010115666
3/31/15,0.000595347,-0.075170596,-0.013285263,0.000421072,0.000806748,0.004822496,0.006384478,0.000649,-0.000120599,0.002996919,0.002705678,-0.016043917,-1.34E-05,-0.004499673,0.004452075,-0.005009739,0.004899033,-0.015713233,0.00390791
4/30/15,0.032365392,0.110175566,0.074564501,0.016721162,0.012090278,0.01680088,-0.010296895,0.016831606,0.013486111,0.008288035,0.026976432,0.038050297,0.009330192,0.018235354,0.011721255,-0.022807597,0.011207835,0.010996025,-0.002782372
5/31/15,0.01284908,-0.02066065,-0.039015343,-0.004891271,0.006485566,0.015804662,0.000375709,0.00695642,0.002019195,0.004802752,0.012108074,-0.00608129,0.009427852,0.00363314,0.009070273,-0.010570127,0.009985704,0.012565318,-0.002609507
6/30/15,0.003489717,-0.002923227,-0.0282299,-0.015909103,-0.018310275,0.008345607,-0.021022057,-0.010483108,-0.01314459,-0.013887024,0.002607666,-0.026189734,-0.001211219,0.00630944,0.006785713,-0.042567358,0.012023976,-0.022554953,-0.012505975
7/31/15,0.007954708,-0.157519301,-0.075017058,0.00078039,-0.010790613,0.006162374,0.007147827,-0.011675856,-0.002684357,-0.005218674,0.008692593,0.017190091,0.000907141,-0.017265067,0.002455127,0.038810539,-0.006063884,0.024821113,0.007915394
8/31/15,-0.026070938,0.00511813,-0.092236285,-0.015733575,-0.025918713,-0.00933607,-0.01469519,-0.03460159,-0.017424919,-0.02671322,-0.021928967,-0.071694337,-0.01684555,0.006093535,-0.000586214,-0.068860322,-0.000331366,-0.066618681,-0.00181431
9/30/15,-0.012859034,-0.070170127,-0.031146227,-0.014803468,-0.025072736,-0.004065749,-6.91E-05,-0.019887384,-0.016033904,-0.013902403,-0.010947443,-0.049727502,-0.010472363,-0.007081858,0.004340984,0.01424009,-0.009690416,-0.025933657,0.00638671
10/31/15,0.043285706,0.004765226,0.069001018,0.028927241,0.022940418,0.022385976,-0.002180297,0.032443883,0.01950308,0.020560273,0.038462988,0.07090163,0.021420748,0.005104487,0.018751273,0.067540153,0.006163002,0.08368931,0.001034431
11/30/15,0.002897497,-0.096584124,-0.038218732,-0.009388661,-0.007159129,0.002124795,0.011114637,-0.000856742,-0.008137659,0.000979998,0.004356912,-0.01657662,-0.005074662,-0.009997596,0.005724884,-0.01876412,0.001464945,0.003461353,-0.003234839
12/31/15,-0.000816558,-0.095066602,-0.022806444,-0.014194515,-0.013663423,0.001758108,-0.012640714,-0.014344946,-0.01238759,-0.013678385,-0.001518404,-0.013044021,-0.008160745,-0.009003346,0.00846955,0.002861674,0.006596359,-0.018802754,-0.004158748
1/31/16,-0.031399866,-0.056527235,-0.065985831,-0.001638514,-0.038444792,-0.01054305,0.009060363,-0.048259446,-0.023599063,-0.028594716,-0.027185182,-0.072445255,-0.015636705,-0.004971815,-0.000736356,-0.036863945,-0.01455751,-0.049781953,0.014813564
2/29/16,-0.001347624,-0.0238121,-0.000566869,0.013954078,0.002534079,-0.000350929,0.013612166,-0.001277059,-0.000240902,0.002119822,0.002879221,-0.013886543,0.004766438,-0.002627063,0.000366725,0.009926567,-0.011935083,-0.003605112,0.008069173
3/31/16,0.037449555,0.052358994,0.126087705,0.031261382,0.041286423,0.020432721,-0.007450333,0.040728338,0.029557495,0.026171016,0.040251858,0.062617463,0.031321373,0.006561179,0.015748901,0.100242928,0.00817007,0.065292701,0.008495764
4/30/16,0.016964958,0.103469389,0.007135358,0.016071109,0.020705084,0.012975292,0.000474617,0.010508693,0.02100738,0.01033638,0.01548035,0.026693769,0.014650871,0.030266798,0.009654099,0.004238292,0.021481511,0.005434713,0.003755203
5/31/16,0.004992257,0.021576925,-0.035987252,-0.000784953,0.006400036,0.009568208,-0.00877453,0.003302331,0.003696627,0.001055395,0.002013758,-0.010718611,0.002321327,0.012688741,0.003231421,0.003225332,0.009861757,0.018422415,-6.32E-05
6/30/16,0.002249448,0.004314266,0.036068432,0.030654646,-0.004802865,0.016823449,0.021061354,-0.0057123,-0.001534773,0.002699205,0.000831232,-0.026827846,0.007507735,0.009608078,0.013467276,0.046506919,0.015625538,0.000679506,0.018078626
7/31/16,0.026615861,-0.10161074,0.047879975,0.017144807,0.024185098,0.004368649,0.006287291,0.026874657,0.020698666,0.01937602,0.025754955,0.04573798,0.021419077,-0.008363938,0.008255123,0.044488353,-0.014896198,0.038845749,0.006534827
8/31/16,0.011291748,0.018544218,0.025086945,0.013618806,0.01381803,-0.005588438,-0.014060014,0.006811931,0.011284097,0.002418981,0.00954685,0.004479355,0.003177551,0.008200124,-4.54E-05,-0.032480457,-0.012399075,-0.002399669,-0.002598598
9/30/16,0.011792119,0.043136187,0.013327879,0.004968384,0.007702474,0.002607689,-0.00180214,0.009219899,0.006581872,0.006568459,0.010056456,0.008851634,0.007539052,0.016699165,0.009609499,-0.011699126,0.008968779,0.00164678,-0.000147091
10/31/16,0.003464928,-0.01808756,0.002701032,-0.008872203,-0.004172964,-0.000561368,-0.011204818,-0.011522507,0.006885187,-0.008357637,0.00055837,-0.013937857,-0.014412831,0.006513135,0.001230204,-0.063259851,0.006183972,-0.021841393,-0.008756071
11/30/16,0.011469925,0.027189306,-0.046079976,-0.033860573,0.020924052,0.016168209,-0.001395494,0.012294758,0.005056271,0.009334553,0.014457542,-0.011105983,0.009294283,0.019652719,0.017789318,-0.024180472,0.015300814,0.031632001,-0.026892466
12/31/16,0.019550192,0.045112715,0.001566603,0.011447131,0.015953778,0.013565739,0.008099993,0.009268489,0.014792617,0.010383826,0.017156561,0.027530635,0.009235106,0.015363154,0.012230764,0.04472949,0.002366247,0.024249435,0.00152138
1/31/17,0.019142388,-0.015373145,0.054029341,0.01237301,0.012969003,0.015459777,-0.00546784,0.017032148,0.012966896,0.010654684,0.018470326,0.029397027,0.012447095,0.00343725,0.010977893,0.007831828,0.015689374,0.016393733,0.003501539
2/28/17,0.016867439,0.004095363,0.031487343,0.016229086,0.007592653,0.011518596,0.007179573,0.012048707,0.006178234,0.009684735,0.015775079,0.013858161,0.016270475,0.010425943,0.014113144,0.036340946,0.00486157,0.038260031,0.006963427
3/31/17,0.011531809,-0.042434523,0.025846748,0.003622767,8.09E-05,0.008999047,-0.004803184,0.007088279,0.001362647,0.002588144,0.011242165,0.021857735,0.005040986,-0.00012729,0.006791918,-0.011423973,0.012977273,0.003828524,0.0003696
4/30/17,0.017797823,-0.022934036,0.022293316,0.016228421,0.008336895,0.007621346,0.00043923,0.008026378,0.006013063,0.005020131,0.016825536,0.020752718,0.009623651,0.000189517,0.006346476,0.009698873,0.009709419,0.011521232,0.009360388
5/31/17,0.019838348,-0.018042555,0.030957747,0.010066,5.34E-05,0.011398225,0.001388681,0.004804989,0.001649081,0.002813499,0.016034176,0.030145099,0.008177236,-0.00123775,0.007795501,0.002277064,0.01222417,0.016190041,0.007972164
6/30/17,0.012936808,-0.021759653,0.008621205,-0.001830268,0.005501295,0.008985583,-0.00822623,0.006952615,0.002808703,0.002011939,0.014885131,0.003281791,0.006673817,0.003671602,0.011635539,0.008349449,0.013050179,0.002821944,-0.002229278
7/31/17,0.021857176,0.046494494,0.056120425,0.010298764,0.010464699,0.01410488,0.007456345,0.015679967,0.011026888,0.012756213,0.01962852,0.032270269,0.008377722,0.011701257,0.013464879,0.022550466,0.017578565,0.016657398,0.004325218
8/31/17,0.008454946,-0.009292212,0.022304447,0.012859476,-0.002159169,0.003959071,0.008023393,0.004741289,-0.000429551,0.004708707,0.005997537,0.000695473,0.001860513,0.005365161,0.008666487,-0.002191245,0.007141902,0.001976182,0.009678794
9/30/17,0.015506707,0.035030475,-0.003167009,-0.001848608,0.011099331,0.014982572,-0.008364135,0.01454148,0.005423797,0.007157851,0.016562235,0.020544326,0.011601678,0.013549106,0.012802007,0.001857015,0.017849431,0.023853132,-0.006505198
10/31/17,0.018205353,0.039213496,0.03537476,0.004233336,0.004408299,0.015140145,0.017349549,0.011448147,0.005324481,0.011044521,0.014220054,0.011461515,0.013386521,0.009590809,0.011658016,-0.007878693,0.018045989,0.024822499,-1.39E-05
11/30/17,0.015892434,0.015710572,0.003384248,-0.001467333,0.00273631,0.011215895,-0.000536692,0.009707507,-0.000150224,0.005084885,0.014530884,0.011901423,0.01152189,0.005256853,0.010509442,0.029795187,0.008642378,0.028617227,-0.001010635
12/31/17,0.017755005,0.043904928,0.034951662,0.006221602,0.013283758,0.005370585,0.006244818,0.012105214,0.008351271,0.01032201,0.015084554,0.017927215,0.007846058,0.013559704,0.011414737,0.010922921,0.007761518,0.010318545,0.003841135
1/31/18,0.0366965,0.036320998,0.081499918,0.000243312,0.016280176,0.033544963,0.026887757,0.028482532,0.014763596,0.024887669,0.032694097,0.052317464,0.018450854,0.002721493,0.01695752,-0.006992093,0.021049625,0.050253642,-0.012332506
2/28/18,-0.011342476,-0.032649779,-0.045760583,-0.014866765,-0.014310576,0.005171452,-0.035691435,-0.02175952,-0.006472491,-0.022837871,-0.011555381,-0.045216287,-0.014415961,-0.003434655,-0.00598893,-0.074176756,0.001325706,-0.040455379,-0.009450382
3/31/18,0.000192926,0.024507587,-0.017801417,0.002691935,-0.004730342,0.004113951,-0.005764561,-0.005050226,-0.003791426,-0.005222629,0.001539646,-0.019045574,-0.00677874,0.000613431,7.95E-05,0.020268593,0.002184928,-0.024934552,0.007499542
4/30/18,0.01902524,0.049235316,-0.002782354,-0.009500767,0.005660606,0.019379786,0.00164895,0.004566769,0.010039624,0.004634836,0.020488476,0.017785488,0.011765938,0.018658162,0.006845234,0.015477255,0.017478426,0.00859175,-0.007586202
5/31/18,0.009817249,0.013659679,-0.034572356,-0.005898646,0.010986796,0.014229331,-0.00194951,0.01263074,-0.001822134,0.00889041,0.010091245,-0.02083795,0.013066597,0.012284794,0.005023835,0.018532284,0.0085425,0.022240214,0.007259784
6/30/18,0.008975209,0.011717463,-0.04364655,-0.006412962,0.002651134,0.010368277,-0.001060563,-0.007631063,0.003777845,-0.004204133,0.007526618,-0.009347422,0.001572796,0.008841551,-0.004477775,0.022957369,0.002124583,0.003967443,9.83E-05
7/31/18,0.017430502,-0.036194406,0.019328192,0.013275828,0.004227067,0.014322595,-0.002089592,0.004630772,0.006961579,0.003918287,0.017570292,0.023990977,0.00869008,0.000633888,0.011982853,0.017114924,0.004376898,0.039388118,-0.000311291
8/31/18,0.009188993,0.009548157,-0.026802745,-0.01356995,0.002548121,0.016328406,0.005167946,0.007002777,-0.000314173,0.005429346,0.009046096,-0.01435664,0.008848434,0.004930969,0.007509025,0.013570958,0.012655387,0.027503937,0.00720686
9/30/18,0.008653162,0.040477929,-0.004734472,0.012021795,0.001549613,0.014063689,-0.002371798,-0.006962627,0.005718117,-0.003608569,0.009984686,0.005565111,0.003693396,0.010549828,0.010606282,-0.021780375,0.015506143,0.007763106,-0.007229778
10/31/18,-0.024718117,-0.059053077,-0.089641938,-0.022088234,-0.029596089,-0.013009286,-0.017979169,-0.052940607,-0.016901981,-0.037826733,-0.021196198,-0.077692162,-0.017216904,0.008730958,-0.000988751,-0.04660831,-0.00721602,-0.071019703,-0.008482983
11/30/18,0.019531989,-0.120659315,0.041083819,0.003666742,-0.00307229,0.014707344,-0.004537972,0.002302155,-0.003484985,-1.69E-05,0.021178947,0.004582741,0.010637064,-0.001041909,0.015711532,0.036725167,0.011994637,0.015568657,0.007699367
12/31/18,-0.020574863,-0.084674683,-0.030054837,0.005487512,-0.031785864,-0.012092912,0.003701999,-0.041225689,-0.020211204,-0.026680978,-0.022397795,-0.056518625,-0.027918223,-0.00762987,-0.00953902,-0.069280078,-0.003122281,-0.089565572,0.019130503
1/31/19,0.040459079,0.091325592,0.085535055,0.038698537,0.046145988,0.023477221,0.00250474,0.054706266,0.034875958,0.040416812,0.038613538,0.063951004,0.031882909,0.01981013,0.0172363,0.115063624,0.013399283,0.077898207,0.011276557
2/28/19,0.015103194,0.039241872,0.002958345,0.004790375,0.012571151,0.011936263,0.002706548,0.019582794,0.008213334,0.013394355,0.012885842,0.021794996,0.015498608,0.010198849,0.007426467,0.006387191,0.008769108,0.033951936,-0.000559053
3/31/19,0.00807232,0.014734936,0.009812069,0.016303819,-0.004766486,0.008940335,0.013338385,0.001001072,0.00188024,0.004354354,0.00373666,0.00541834,0.001315818,0.00735075,0.005211611,0.026630011,0.007617512,0.01938738,0.020002353
4/30/19,0.024099198,0.030597961,0.021752105,0.005112038,0.015689181,0.013818683,0.009242402,0.017944184,0.014213582,0.014144926,0.022701683,0.032199359,0.011173267,0.004909203,0.003919049,0.003706043,0.005291968,0.035641567,9.37E-06
5/31/19,-0.021234602,-0.090532278,-0.073515733,0.002303499,-0.023393159,-0.002117645,-0.007472452,-0.035207241,-0.011191966,-0.023113009,-0.017570455,-0.048816088,-0.020108395,-0.010192224,-0.006694041,-0.01559575,0.00591299,-0.066312606,0.016606227
6/30/19,0.035593844,0.045329289,0.058357047,0.027172826,0.020312328,0.026770155,0.021162955,0.032046855,0.012936487,0.025147539,0.035782728,0.055205858,0.024594501,0.005720166,0.015744618,0.031621206,0.012230892,0.071554653,0.01327118
7/31/19,0.006518092,-0.000570293,-0.014014295,0.00533732,0.001589057,0.015000766,0.011978275,0.002783378,0.000784891,0.004358143,0.006388384,-0.011529902,0.006725679,0.009522125,0.005869696,0.002048323,0.01313656,0.015528938,0.00100077
8/31/19,-0.005576013,-0.054526024,-0.048778021,0.008525123,-0.017857301,0.009567935,0.020140068,-0.019673085,-0.008013744,-0.009587273,-0.004917592,-0.026405762,-0.006916745,0.001582671,0.003963958,0.020125951,0.017456042,-0.016901091,0.025768805
9/30/19,0.015422323,0.013287982,0.019191872,-0.000672256,0.004697022,0.015546952,-0.017005102,0.002753726,0.00529894,-0.001619769,0.017590864,0.023918856,0.007777966,0.014212515,0.012777724,0.028679598,0.004896881,0.023974132,-0.005821374
10/31/19,0.019601107,0.015382711,0.041654979,0.007311263,0.006788959,0.004352432,-0.009889824,0.015744215,0.003044794,0.007694165,0.017285735,0.031833585,0.005910856,0.001948183,0.0065052,0.018870683,0.005471622,0.021643549,0.002006816
11/30/19,0.016022181,-0.000200228,-0.000449064,-0.001503407,0.009373102,0.006641458,0.003457342,0.016461337,0.004181398,0.011127269,0.014249638,0.013823375,0.005720296,-0.002587625,-0.001744598,-0.010676039,0.007535169,0.034638496,-0.001053148
12/31/19,0.022970357,0.071747359,0.07153139,0.016843782,0.020738498,0.011795826,0.006084665,0.024249838,0.017220975,0.018742501,0.020092993,0.030862413,0.014983536,0.011128609,0.011170147,0.003582563,0.018475163,0.029652164,-0.001209329
1/31/20,-0.00334575,-0.113811423,-0.046547892,0.012587466,-0.013459242,0.005504537,-0.001013961,-0.014050292,-0.000685289,-0.009025398,-0.00744589,-0.017600297,-0.013321666,-0.017951149,-0.015918192,0.003336677,0.00536965,-0.00207328,0.019872496
2/29/20,-0.032810014,-0.091158641,-0.05571532,-0.005236542,-0.034597464,-0.017549026,-0.012922021,-0.038602209,-0.010913378,-0.028772756,-0.034791773,-0.087303398,-0.034447108,-0.01498185,-0.021781397,-0.095547874,-0.005050765,-0.091834298,0.018726135
3/31/20,-0.072738964,-0.354626319,-0.165175266,-0.130744332,-0.172174909,-0.037746917,-0.00557865,-0.121546508,-0.171345348,-0.106030503,-0.075230805,-0.144859051,-0.069189597,-0.057622307,-0.031139961,-0.290489035,-0.02973319,-0.131495115,-0.007142672
4/30/20,0.068442771,-0.101449422,0.086150061,0.036552458,0.087185131,0.042473989,0.008511624,0.081783765,0.088453887,0.060719026,0.068503393,0.065447111,0.054063707,-0.001804862,0.024987419,0.103397987,-8.67E-05,0.124068707,0.017958739
5/31/20,0.047697858,0.15853041,0.00768719,0.03373702,0.034661986,0.025131543,0.001706177,0.036162987,0.027899234,0.028320171,0.041955115,0.038516662,0.027522414,0.033378524,0.003482136,0.019718804,0.007795714,0.046408966,0.005864445
6/30/20,0.044333933,0.050497423,0.070323401,0.017785274,0.0338662,0.028725805,-0.001640282,0.023018399,0.030570743,0.017412911,0.03988008,0.029319183,0.009931879,0.013445046,0.005688123,0.027397745,0.021500428,0.018121048,0.004282979
7/31/20,0.04074882,0.041048432,0.084303077,0.031040169,0.017972549,0.035926659,0.024251295,0.03689269,0.018540347,0.027815456,0.03607076,0.032036361,0.026813078,0.006421902,0.015403608,0.065117435,0.032784703,0.048307779,0.014432899
8/31/20,0.043839498,0.049986627,0.021298223,0.010071907,0.02703591,0.038712577,0.005235261,0.031015652,0.016281474,0.023597887,0.039421349,0.053468859,0.022242677,0.016507807,0.0193804,0.028078559,0.028151486,0.06650403,-0.008066235
9/30/20,-4.21E-06,-0.043131878,-0.01649032,-0.009800719,-0.009433953,0.000956495,-0.01790807,-0.015730575,-0.005811219,-0.013786104,0.000385231,-0.028714518,-0.013694318,-0.007210383,-0.004133139,-0.04303803,-0.004832546,-0.036294117,-0.001500958
10/31/20,0.003023224,-0.042694872,0.0187975,-0.001453877,-1.29E-05,0.026850381,-0.003213792,0.001016925,0.001886272,1.49E-05,0.009622377,-0.035328753,0.003771466,0.002194707,0.006366667,-0.033269543,0.014371152,-0.029312176,-0.005514852
11/30/20,0.073836103,0.118961207,0.08688149,0.033608576,0.089226331,0.055175284,0.013554242,0.086615367,0.047944992,0.064809989,0.077221393,0.137223088,0.039742253,0.027795607,0.0226094,0.128325768,0.032554619,0.108850359,0.010114899
12/31/20,0.038707896,0.058115389,0.071402025,0.014408543,0.038600384,0.048050255,0.035414052,0.055322842,0.021179827,0.045522701,0.042832102,0.043587723,0.024669795,0.015162959,0.015670402,0.042517813,0.037407241,0.037331011,0.001372562
1/31/21,0.018437421,0.046713592,0.030189055,-0.007036264,0.013036063,0.060900681,0.001225171,0.008362043,0.011189891,0.006681956,0.015339152,-0.014812722,0.010335396,0.012226956,0.007552717,-0.003177379,0.063574933,-0.006934657,-0.007762374
2/28/21,0.036793246,0.106355795,0.008611371,-0.015896922,0.038761434,0.060672843,0.02800316,0.046039828,0.021514459,0.036229587,0.032577541,0.028957974,0.019588685,0.031476627,0.014419644,0.030549529,0.062397812,0.021767898,-0.014922896
3/31/21,0.02895644,-0.021651552,-0.015813721,-0.009104282,0.007259728,0.026864192,0.008899055,0.003479525,0.000156857,0.004376568,0.030590096,0.019372555,0.015878457,0.011335815,0.012540015,0.032237336,0.007592816,0.049423283,-0.013592992
4/30/21,0.045470695,0.075720294,0.024950843,0.015077013,0.017881259,0.037561985,0.023032703,0.024860773,0.010608782,0.021397754,0.052748635,0.030686084,0.02586458,0.01884821,0.028743352,0.062641166,0.039936036,0.051216157,0.008701004
5/31/21,0.027640969,0.027686204,0.023250822,0.007304552,0.007142513,0.01226518,0.019031822,0.00994952,0.006167763,0.010723854,0.034153383,0.025511855,0.012743688,0.009738734,0.021824266,0.016649154,0.014850357,0.012884877,0.004002053
6/30/21,0.026280212,0.046765107,0.001175479,0.010012326,0.003137731,0.018422788,-0.005131788,0.008025525,0.004990809,0.004415502,0.021955186,-0.007484116,0.008468103,0.012732315,0.012098681,0.011978975,0.03574359,0.023491764,0.007537181
7/31/21,0.00043697,0.015681291,-0.0722622,0.005250896,-0.017101534,0.015879994,-0.004236901,-0.012779014,-0.00851527,-0.010718487,0.004457301,0.000107312,0.012737857,0.013281528,0.026698617,0.037808498,0.02538725,0.031480459,0.012684046
8/31/21,0.015366623,-0.026141581,0.025977786,0.007799799,0.010787235,0.019150336,0.001136443,0.012109673,0.008231193,0.008563813,0.018575216,0.016777185,0.018077867,0.000601596,0.0272792,0.016375367,0.035928143,0.030432479,-0.001601235
9/30/21,-0.011618219,0.064108491,-0.040137884,-0.017589842,-0.001692513,0.006704409,0.003770994,-0.011331143,0.002375189,-0.004378448,-0.002892369,-0.032431475,0.003013799,0.017841147,0.024351098,-0.061120816,0.038075202,-0.047578798,-0.011046166
10/31/21,0.034722235,0.056577962,0.008900872,0.00190712,0.014643649,0.036161243,0.011364428,0.017962855,0.00130464,0.014299914,0.037560766,0.026181129,0.022117198,0.026590154,0.025487885,0.060356474,0.020807278,0.071387952,-0.000610958
11/30/21,-0.003827999,-0.122028142,-0.040747196,-0.009546178,-0.023442885,0.004749438,-0.022307714,-0.028406083,-0.013213426,-0.024695444,-0.000756834,-0.045501147,-0.006783764,-0.003824341,0.001599071,-0.018300026,-0.011935968,-0.005156512,0.003888855
12/31/21,0.031181163,0.075798321,0.017547907,0.012863859,0.017953856,0.024931868,0.007012278,0.016099436,0.011180154,0.013026893,0.031482924,0.04324889,0.023030189,0.033476068,0.025710302,0.075201316,0.017799737,0.048605026,-0.002613919
1/31/22,-0.015247248,0.114182675,-0.019746843,-0.028828577,-0.02768584,-0.005318461,0.008154196,-0.041537561,-0.006763001,-0.022109056,-0.017038368,-0.039585661,-0.014897799,0.033714472,0.010058438,-0.072652158,0.009473525,-0.059260202,-0.022977363
2/28/22,-0.003380719,0.081141024,-0.028720684,-0.044806863,0.003958808,0.005470027,0.011633713,-0.004284237,0.001696529,0.001325043,-0.001779929,-0.019366578,0.00408787,0.026003461,0.010897994,-0.023387472,0.017458879,-0.030801638,-0.010577533
3/31/22,0.012687244,0.091333684,-0.023077184,-0.015335768,0.009944627,0.025529223,0.041257625,0.007385019,0.005082211,0.014745807,0.011990651,0.004262052,0.024997546,0.031148415,0.025368795,0.050886621,0.019291389,0.042946893,-0.028994277
4/30/22,-0.028227537,0.047083257,-0.058734515,-0.051140301,-0.024600352,-0.015961146,0.024680462,-0.037120978,-0.011958184,-0.016951002,-0.021594047,-0.072175174,-0.008592787,0.0270361,0.003650688,-0.070774093,-0.007406338,-0.087144945,-0.041236303
5/31/22,0.010419877,0.050491358,0.004816916,0.001770073,-0.005000097,0.01571321,-0.001748184,-0.003725008,-0.006745764,-0.004346161,0.014220186,0.007388111,0.007113716,0.02006787,0.009426617,-0.043881715,0.013723481,0.001792169,0.007764569
6/30/22,-0.032679813,-0.079458407,-0.071338934,-0.053901794,-0.046363994,-0.018010081,-0.007574856,-0.044576215,-0.034616374,-0.033300343,-0.031904039,-0.091914926,-0.040944578,-0.010093921,-0.02159571,-0.102867751,-0.011106991,-0.088333522,-0.014750458
7/31/22,0.032681079,0.002198106,-0.004085494,0.036631438,0.035517002,0.023368252,-0.006380383,0.02908681,0.026818532,0.018980012,0.032972485,0.042320939,0.041554728,0.020022637,0.01716935,0.100794011,-0.006693678,0.095228307,0.02681187
8/31/22,-0.00822236,-0.027858444,0.001518491,-0.024345988,0.007262559,0.00152259,0.014048883,-0.003852918,0.006460346,0.003778143,-0.007627621,-0.0411274,0.001561318,0.005523438,0.002323564,-0.066390916,0.007978574,-0.046580574,-0.02854052
9/30/22,-0.043194839,-0.085432989,-0.121842113,-0.055884984,-0.043236979,-0.013654538,0.012813009,-0.049187923,-0.035327518,-0.029031145,-0.043288625,-0.098106025,-0.02108564,-0.004318644,-0.018135765,-0.146201282,-0.011456138,-0.096765423,-0.046872746
10/31/22,0.023759315,0.064608537,-0.035726609,0.0025762,0.037551908,0.030278583,0.005166799,0.024645722,0.017298391,0.017773904,0.030674997,0.049078799,0.03777268,0.015898249,0.023730741,0.068167851,0.033900173,0.087313703,-0.011534355
11/30/22,0.036022299,-0.013077695,0.139245201,0.054799777,0.012173131,0.003308196,-0.018249413,0.032885487,0.012849837,0.016079833,0.031800025,0.095379123,0.014978791,-0.004260337,0.008623584,0.071189854,-0.000442054,0.056956051,0.040884788
12/31/22,-0.016344944,-0.013106988,-0.015193418,-0.008658072,-0.00886874,-0.031072455,0.001232356,-0.012710331,-0.004576392,-0.007319874,-0.014498297,-0.010698522,-0.008479885,-0.007514063,-0.007213588,-0.043230318,0.005734611,-0.055564043,-0.007174251
1/31/23,0.03428304,-0.004525946,0.076352406,0.037303314,0.039697922,0.007439312,0.004080971,0.042869763,0.03313687,0.030488746,0.034926919,0.073955261,0.024299394,0.007667466,0.002227863,0.108037437,-0.002494436,0.059929569,0.032144947
2/28/23,-0.015099696,-0.034435212,-0.065033823,-0.023267167,-0.004596441,-0.003907057,-0.001829381,-0.014131805,-0.00577915,-0.008619478,-0.014212354,-0.022708533,-0.001834839,0.004139182,-0.011574923,-0.055649404,0.001579082,-0.024216971,-0.02469301
3/31/23,0.009418524,-0.011877198,0.029855702,0.023751223,-0.023980939,0.005356854,-0.023941023,-0.002313192,-0.01340493,-0.008899148,0.001679872,0.02247856,-0.000628351,0.004342912,-0.006215837,-0.030392213,-0.007159161,0.037052207,0.026497048
4/30/23,0.008240715,-0.002261718,-0.01120241,0.0038786,0.001679137,0.013394483,0.007851275,-6.85E-05,0.006023492,0.002555161,0.00910425,0.021549593,0.007257197,0.005358199,0.004938757,0.020287102,0.015965281,0.02080105,0.006239105
5/31/23,-0.004747111,-0.068220011,-0.01652346,-0.00701884,-0.012251197,-0.016819183,-0.001397138,-0.001833745,-0.004360066,-0.002519952,-0.007912373,-0.036371873,-0.007405181,-0.008490377,-0.015244416,-0.051100146,-0.025334918,0.001702472,-0.012696437
6/30/23,0.030129521,0.03907194,0.034403962,0.013497091,0.030744445,0.023053457,0.009692553,0.032522638,0.017012912,0.023723777,0.031904263,0.047446449,0.028134812,0.014637983,0.015949434,0.042650289,0.024028713,0.064577346,-0.004318098
7/31/23,0.026733451,0.108896073,0.059454093,0.01333527,0.025638655,0.015730991,0.005607761,0.026389426,0.014919287,0.01940629,0.025484647,0.034525417,0.017634403,0.019537748,0.007929165,0.037916718,0.016025633,0.029909579,0.000403809
8/31/23,-0.008936798,0.009547928,-0.062200685,-0.012120097,-0.002275823,-0.002581924,-0.00538617,-0.018205894,0.00020251,-0.010695266,-0.010867187,-0.034979613,-0.001567832,0.004485095,-0.009275844,-0.040182469,-0.001476808,-0.017070687,-0.007538976
9/30/23,-0.011404842,0.040123787,-0.026799365,-0.024000783,-0.008881361,-0.006086547,0.010950545,-0.019545948,0.00238988,-0.008268364,-0.012641113,-0.033222412,-0.007587475,0.007505753,-0.00894323,-0.073334111,0.004305474,-0.048678164,-0.027323161
10/31/23,-0.016360051,-0.037880541,-0.038721125,-0.01460121,-0.022870574,-0.01502496,-0.005036523,-0.024630192,-0.008224443,-0.016102665,-0.016765136,-0.034905913,-0.00297847,0.002384329,-0.0127364,-0.056846414,-0.015273211,-0.024370055,-0.015373842
11/30/23,0.040453904,-0.037531922,0.076893957,0.050956297,0.044250912,0.007382443,-0.008572948,0.047435688,0.02677187,0.030157437,0.040366502,0.085079974,0.025650444,-0.003845185,-0.003841399,0.117358422,-0.004904481,0.089883161,0.049051346
12/31/23,0.021662243,-0.036630408,0.03774667,0.036146948,0.045931511,0.009080937,0.009083454,0.044465211,0.019776002,0.032211199,0.023209804,0.048143372,0.02470337,-0.00244887,-0.007054819,0.102425847,-0.002516056,0.046941587,0.040085347
1/31/24,-0.002797253,0.039339437,-0.046861116,-0.007840319,-0.010165977,0.006096126,0.000295685,-0.009852974,0.002713833,-0.003595579,-0.01149725,0.007033511,0.001444063,0.012407375,-0.001081314,-0.039031822,0.016604894,0.018248491,-0.004154017
2/29/24,0.016955771,0.01022787,0.05003241,0.002784881,0.018735729,0.020399505,0.017890583,0.025465468,0.011770311,0.021684962,0.009863577,0.021547285,0.019551579,0.002148253,0.005579522,0.009055873,0.019305074,0.049713839,-0.01407428
3/31/24,0.013841797,0.052575713,0.024704827,0.010932292,0.017235667,0.009269582,0.010202546,0.019604552,0.013795671,0.017675982,0.01193921,0.034831479,0.016193217,0.016723775,0.011287459,0.038989444,0.014728651,0.032582235,0.01019991
4/30/24,-0.004556457,0.020895529,0.002878591,-0.017667212,-0.006498453,-0.00041238,0.006024527,-0.013742101,0.004369177,-0.006521592,-0.005133061,-0.030631602,-0.001380196,0.014096997,0.004882122,-0.06659543,0.007672303,-0.042335248,-0.02943467