date,Alt Commodities,Fixed Duration,Emerging Markets,Alt Trend,US Dollar,Equity Quality,Equity Market,Equity SmallCap,Alt HF Crowding,Fixed Credit,Equity Momentum,Equity Value,Alt Oil
6/30/04,-4.146167098,0.543693012,-3.218737494,-1.540000785,-0.168634064,-1.78303048,1.914805579,2.14293906,-5.329555298,0.868022832,1.343411784,1.124013976,-5.252386274
7/31/04,1.766438837,1.220494316,2.378402366,-1.211420829,1.306306306,1.77855376,-3.304322476,-2.178661562,6.420444814,0.369115612,-1.02503144,0.701990556,16.14159465
8/31/04,-1.822582075,2.644134342,6.997539112,-2.008834029,-1.133837261,-0.190593478,0.490722713,-0.199568022,-0.902131936,0.054204181,1.85714513,0.759861546,-0.14023508
9/30/04,6.846625218,0.229757181,7.20157888,5.098281363,-1.776478525,-1.512618028,1.966105222,2.827232742,2.301833482,1.180057067,2.432982796,0.40641665,16.60579654
10/31/04,1.692232354,0.864734535,-0.364740738,2.234538404,-2.804487179,-1.630390004,2.32138574,0.398241644,-3.00811009,0.967710558,-1.327979098,0.453825464,7.20260719
11/30/04,-1.197838881,-2.04714587,7.827676022,5.515008716,-3.639147332,-2.783255044,5.295759652,3.520025696,-7.354472758,2.003327904,4.37387743,1.13021883,-5.26543183
12/31/04,-4.910388824,1.095362156,1.802193896,0.628154388,-1.18552921,0.3001896,3.681393867,0.814338464,-3.052699592,0.570950468,-1.694741524,0.027238298,-11.99087761
1/31/05,1.043226772,0.541034002,4.412853792,-2.394096846,3.401360544,1.19227485,-2.287986197,1.388359314,6.216065654,-0.757888959,0.981754032,0.526634642,12.15782337
2/28/05,7.064612189,-1.416868738,10.50854683,0.615515425,-1.303827751,2.34350683,3.302409722,0.27652903,-4.515558344,2.060635338,6.554832922,0.346558028,7.208115586
3/31/05,3.565007723,-0.774034684,-9.07364825,-2.11999853,1.878560175,0.47571359,-2.429783804,0.058265162,3.959629872,-2.393424138,-0.207755396,-0.216883744,8.822525326
4/30/05,-5.834421581,2.246843605,-0.874181264,-2.1753003,0.440161789,1.094450722,-2.421976383,-2.512945562,6.957515458,-2.32809218,-1.555459444,-0.269516748,-8.879974045
5/31/05,-0.776410208,1.349742488,2.882024858,0.982329579,3.944095701,-0.059223852,1.621466302,2.143991836,-2.204600976,0.693226026,0.545305048,-0.764305564,-0.236059085
6/30/05,1.683581378,0.369610432,4.505372266,1.742252959,1.538286235,-1.827689994,0.785716455,2.42733794,3.463450126,1.41745506,7.01169143,0.445868838,8.178080006
7/31/05,4.482880829,-2.143347394,6.007055378,1.226890756,0.269330042,-1.526236422,3.462766434,1.943269332,-2.829346754,2.658083155,1.66472875,0.21467166,5.382156274
8/31/05,7.548171336,1.68785948,0.096203202,1.673215636,-1.980973699,-1.192807802,0.466391866,0.160912256,8.659468708,-1.091225898,5.284175796,-0.042898872,11.13500759
9/30/05,4.652638939,-2.025885846,12.42513354,3.18975215,2.215117607,-1.836323052,2.71198825,-0.95740489,0.65454176,0.032891355,5.919360374,0.743107696,-5.042680312
10/31/05,-6.284037419,-1.443321276,-7.770519566,-3.402377268,0.614387846,-0.44408646,-2.952037422,-1.347159456,5.551988436,0.09338795,-5.51462626,0.729482402,-9.313773176
11/30/05,0.258390095,0.274566754,9.467497094,5.082185048,1.665371378,-1.60062759,3.32648557,1.62445035,-6.103332566,0.07927784,0.079872012,0.16617297,-4.992813626
12/31/05,3.188197368,0.913161278,6.762692214,2.021514317,-0.436824287,-3.699569748,2.154875753,1.511294234,5.055238454,-0.090981935,5.562926172,-0.15674049,4.968585997
1/31/06,1.849603203,-0.905032354,12.17194641,3.64201304,-2.424042997,-0.795274314,4.594811888,3.994862696,-1.916980872,1.589888958,6.0950031,-0.291228206,10.59916959
2/28/06,-6.26016647,-0.403988919,0.143153094,-0.506217133,1.292715827,-2.250392926,-0.471548582,0.488182328,-3.751743598,0.335681067,-4.09192836,1.866043892,-8.480641588
3/31/06,2.223961872,-1.771220992,-2.159784008,4.738852664,-0.421706803,-0.19406573,1.724874622,3.00907809,0.44263988,1.58023634,1.289532954,-0.203256406,5.257747568
4/30/06,6.779846903,-0.963742096,7.218606908,7.948435781,-4.034325198,-1.230915246,2.977103812,-0.718710076,-0.376040904,0.797141419,1.762987816,0.74737232,7.869061115
5/31/06,0.956774371,-0.516444462,-13.03304498,-1.182535753,-1.614214377,0.47800112,-4.365335334,-1.428360786,7.897635522,0.092881601,-4.64207844,0.527966374,-2.771462685
6/30/06,-1.5538248,-0.084782791,-0.534626514,-3.019718808,0.590179415,1.704734394,-0.44700834,-1.42752744,3.892081844,-0.562868655,0.01587393,-0.311823452,2.94315881
7/31/06,3.210001863,1.145104569,1.0333265,-0.703593952,0.093874677,1.309515998,0.274639517,-4.022404916,-0.251381066,-0.372717561,-0.436771474,0.379813568,0.127786137
8/31/06,-3.603691151,1.441179236,-0.17666999,2.173181109,-0.293083236,-1.169270134,2.16376807,0.79782348,-6.031099874,0.090673067,-3.041814972,-0.094303724,-6.231293817
9/30/06,-6.02110099,0.71416364,-0.769026334,-0.226176568,1.081716637,-1.773121032,0.742247541,-0.1261044,-3.41719644,0.538838576,-1.850969344,0.76443279,-11.88659124
10/31/06,4.743637908,0.1775251,1.946709656,0.405338458,-0.756077702,1.337384584,3.359384427,1.44974977,-2.154157772,0.698689047,3.300087744,0.06934646,-7.420670527
11/30/06,5.468737458,0.884083111,9.353517084,4.177569115,-2.812939522,0.043083914,2.408430465,2.475410008,0.476531946,0.521014767,3.257400124,-0.287567944,4.454395395
12/31/06,-4.592781219,-1.701654948,4.523367816,0.3975601,0.964785335,-2.174801634,1.818468517,-0.105882694,-0.837972628,1.677920101,2.70468948,1.018507142,-4.801907016
1/31/07,0.210328469,-0.805515973,-4.307624292,0.54037054,1.063067367,-1.982212262,0.560888163,1.968391078,-1.337128062,1.157511819,1.587966884,0.17016648,-7.162549045
2/28/07,3.367496856,1.757068857,-0.013953588,-0.727996588,-1.229169129,-2.284447578,-0.912437226,2.535896858,5.440032378,-0.143705463,-1.146032514,0.218642406,6.043668071
3/31/07,0.974924569,-0.568623181,3.943302726,-0.426824028,-0.765825057,1.571958592,1.574499701,1.37460183,2.0811497,0.102838088,2.85691818,-0.043572622,5.465997253
4/30/07,1.155268479,0.13884314,0.36363551,4.952531646,-1.788255155,1.617662218,3.998347196,-0.676729882,-9.369851286,0.760672394,-1.522242872,0.062599274,-2.455992793
5/31/07,0.129379925,-1.889594516,3.940527558,2.408069844,1.04853463,0.436231586,2.551951869,0.930617858,-1.021517658,1.50586101,0.534061306,-0.211925324,-2.829547201
6/30/07,-1.396841944,-0.850139372,9.71290501,2.141327623,-0.462934837,3.107855612,-0.68461903,-1.174590218,8.522556156,-1.501155901,-0.401346602,-0.494663506,6.7487409
7/31/07,2.075101914,1.770201388,13.24471815,-4.078878407,-1.403808594,1.656778192,-1.918988481,-0.275258038,13.25510633,-4.37434611,5.00654603,-0.911542092,8.369484421
8/31/07,-3.630985103,1.655851439,-3.694617506,-2.915021788,0.025999752,2.416899238,-0.766254666,-2.57578608,-3.034981936,0.137396789,0.142001284,-0.350495322,-5.788461031
9/30/07,8.004585868,0.004142399,11.25976315,4.996271439,-3.802403733,3.314060866,5.021803019,-2.752434414,-2.411382008,1.858915845,13.25227998,-0.989912552,10.35143515
10/31/07,3.333617019,0.779938555,14.40400918,4.675439537,-1.59549145,0.72209954,3.585131645,0.948340256,11.00942157,-0.298489382,7.281257958,-0.698073178,15.57650689
11/30/07,-3.136147858,3.39508916,-5.155387744,-1.995826559,-0.434106094,2.295772438,-4.802363408,-4.103995206,8.261743172,-3.967520106,-6.614758506,-1.231969698,-3.571186375
12/31/07,4.632401266,-0.222501916,2.945278958,0.056169501,0.719660656,1.863509086,-1.384524257,-0.239271756,3.697734612,0.010356141,3.407677594,-0.801729358,7.573375839
1/31/08,4.223439387,2.993785543,-8.662335032,5.817460214,-1.977964665,-1.517254556,-8.558396518,-1.187773772,10.40351367,-3.015079028,-11.69928712,1.631217908,-3.048428442
2/29/08,12.28421486,1.246375989,14.24192432,6.858475319,-1.947378222,3.265713638,0.154501621,2.635151794,14.81214221,-1.502130113,10.44829977,-1.403427016,9.838689185
3/31/08,-6.342121982,1.111854719,-7.33808592,-1.136101233,-2.593808503,-0.437577348,-1.683275271,0.123699682,-1.16642996,-0.685569109,-4.502606618,0.254622752,0.420353814
4/30/08,3.563607863,-2.522628772,5.133358934,-4.978511702,0.984652238,0.89420555,5.46948029,-2.399796606,-1.656520624,4.518730646,7.385382566,-1.167754182,11.76473173
5/31/08,2.733971507,-1.784643959,0.784988708,0.199102808,0.510281482,1.018551436,1.504967762,3.285591588,4.783736808,1.094240869,0.956579018,-1.594799402,14.15617044
6/30/08,9.098927599,0.784260959,-3.63067472,2.631030211,-0.570809149,4.783984096,-8.392114863,0.149061358,18.22604051,-2.715051047,11.22266332,-2.181113288,9.925472279
7/31/08,-11.85420378,0.428192254,-2.896086838,-4.173439143,1.054331176,-1.641623228,-2.76518152,-1.68848541,-2.042858972,-1.251384625,-12.25908053,1.338559288,-11.55488152
8/31/08,-7.284060691,1.556018554,-11.72546535,0.669743078,5.672770972,1.757977318,-2.296064962,0.908493032,-4.790881132,-0.598563699,-3.423280596,-0.167365022,-7.701479624
9/30/08,-11.52797527,-0.262509996,-10.04887764,3.255819716,2.671198356,1.087880324,-12.72119956,-4.227856146,1.641626498,-6.633593588,-8.927043232,1.50740001,-14.06087366
10/31/08,-21.2833465,-1.317042688,-15.18784637,7.95728598,7.784966267,7.259886564,-19.89324411,-7.145840822,30.9856331,-13.54732332,8.083231094,-0.207317252,-32.67379313
11/30/08,-6.958292359,7.931568096,-1.662945446,3.536459317,1.03231231,4.086823894,-6.630604598,-2.310960164,9.680802484,-12.56793757,-2.368467664,-0.311975796,-20.06366952
12/31/08,-4.483678606,5.207614429,8.272909284,1.160381713,-6.202249269,-2.64782381,3.621216396,4.947595156,-2.973082588,3.95313191,-2.456223234,0.017896232,-17.10580684
1/31/09,-5.3752752,-3.9158446,4.0397452,-0.071095076,5.770723713,5.476791346,-8.531478148,0.541304496,29.68834284,6.876158656,1.165483686,-3.883294806,-10.69144371
2/28/09,-4.433389085,-0.807758847,8.628477132,0.58084589,2.716872102,3.513447662,-9.808590476,0.320221128,22.42642218,-2.724833346,0.408487518,-3.286507422,-7.464185296
3/31/09,3.60304825,3.491783423,12.41833218,-1.142314189,-3.011364925,-0.595683796,8.202871138,-0.137670056,-17.95235695,1.798146486,-5.623902468,0.519599196,5.304859639
4/30/09,0.733333055,-2.768100036,9.583332174,-1.724727141,-0.80457485,-8.475228832,11.79392517,7.880682542,-20.51309332,11.62635996,-14.38210834,1.835136942,-2.311595923
5/31/09,13.00450085,-2.033403799,14.26736694,1.5637395,-6.590193697,-1.16131596,9.950878964,-0.371439376,-7.74036906,6.004115411,-8.338395146,-0.282947014,25.87421717
6/30/09,-1.902845839,-0.347950021,-1.606525992,-2.605336928,1.17122916,0.38561119,-0.563253109,2.123741846,-1.206666798,2.294483435,1.263252768,-0.257978348,4.466409142
7/31/09,3.231581662,0.627561422,4.385393728,1.151306755,-2.262945822,-3.610541698,8.787314544,0.055713114,-15.36165644,4.473559703,-0.777657518,0.77871412,0.089629677
8/31/09,-0.582714533,0.922370987,-7.81384138,0.193320663,-0.223365285,-3.832950042,3.549895326,2.795654454,-13.99065366,0.829021671,-6.65407611,2.772109798,-3.194813455
9/30/09,1.573386677,1.076479757,8.952336576,2.121340227,-1.943151,-1.67614047,4.574063028,2.31189144,-6.303250168,4.644356316,-1.191547944,-0.96504602,-1.000025831
10/31/09,3.279823415,-0.070788982,3.276809632,-1.267381382,-0.460516875,5.43608031,-1.557912488,-3.1698403,3.76293457,1.301159368,0.743989018,-1.497190546,8.146695115
11/30/09,3.517465215,1.993588112,0.661302116,4.400318225,-1.985583224,2.594297494,4.112119157,-1.923006436,-8.9858958,-0.287034567,2.084599944,-0.458486572,1.484757454
12/31/09,1.978931163,-4.202695416,3.695821798,-2.056452028,4.111787123,-0.778029916,2.071755029,3.961374158,-2.584629244,4.843564066,2.082403294,-1.033677938,-1.509850555
1/31/10,-7.2779351,2.214052148,-2.538590494,-3.934309025,2.057539173,0.475844354,-4.330488424,2.40550332,6.882557836,-0.262590684,-6.211392112,1.45585049,-8.94127186
2/28/10,3.712724925,0.596328141,-1.712937622,0.69607092,1.132616848,0.554391462,1.271060003,0.929763962,-4.272552074,-0.198432966,0.87844547,-0.279832184,7.826911626
3/31/10,-1.242365883,-1.274413338,3.532476366,2.203117188,0.884746522,-3.340570452,6.427102367,2.036591,-13.74306916,3.257538476,2.254874322,-0.003153578,5.443612339
4/30/10,1.944261155,1.619630302,1.952695602,0.258419916,0.97813082,-1.729609932,0.163632094,5.112134954,-7.239046662,1.302974261,1.504978228,0.805119122,4.489845694
5/31/10,-6.922954051,2.811472046,1.280564638,1.163604735,5.76796228,1.292922162,-9.494925859,-0.11771416,15.84974919,-4.434203667,1.152136266,-0.21508987,-16.39585729
6/30/10,0.318219819,3.086768889,4.620852626,0.529499963,-0.657134938,1.640530696,-3.099139737,-0.687532472,11.54507227,-0.323693252,-0.012885554,-0.72299404,-0.197040095
7/31/10,6.774251607,1.06955895,-0.034005978,-2.375936085,-5.208151687,-3.343364394,8.125261638,-0.419297796,-12.80830711,2.488632376,-0.707012816,0.729410222,3.697600932
8/31/10,-2.545128939,3.341482303,3.069760372,2.851495726,2.039514833,1.093571226,-3.513148624,-0.450783924,9.07142737,-1.250010457,-0.150834044,-0.233456718,-6.617755157
9/30/10,7.260310754,0.001649232,3.041677914,0.868400004,-5.386889738,-0.197488894,9.564259602,3.248269746,-19.0652577,2.905931574,4.096857038,-0.843408414,9.069935519
10/31/10,4.98275815,-0.073957835,-1.452145082,3.53740796,-1.847052846,0.476297662,3.598490776,0.557502268,-6.290676912,2.226856154,0.945315574,-0.785459982,0.668088873
11/30/10,-0.354032462,-0.838365473,-0.616196602,-4.575293416,5.085030932,0.6840007,-2.238511613,2.933080812,-4.53740757,-0.593927858,4.315441392,-0.441861226,2.553445157
12/31/10,10.68899289,-3.465072227,-0.395743056,4.05982906,-2.668883552,-3.57164696,7.307559775,2.134063868,-14.79932107,2.89150833,-4.766420858,0.607278998,9.177314286
1/31/11,1.003014121,0.024193605,-8.59880272,0.1652727,-1.636128967,-1.90726396,1.562910578,-1.914366038,-6.313123728,2.090085835,-3.48810247,1.010376714,3.495046561
2/28/11,1.317889561,-0.220391744,-7.528186818,1.043,-1.088312858,-1.31158985,2.903778534,0.632299698,-6.427198,1.060497204,-0.15958421,-0.04993737,4.975623375
3/31/11,2.064566683,-0.052286716,12.07667157,-3.634096375,-1.342194592,1.163936118,-0.120819235,3.101665212,1.136661258,0.268214155,5.81632133,-0.595222996,6.571689407
4/30/11,3.463054297,1.573016256,-2.053214398,2.968029495,-3.854621195,1.951098762,4.078476437,0.06706621,-5.281448712,0.280227468,3.588068556,-0.25210746,6.729787611
5/31/11,-5.058222917,2.586725435,-0.94645444,-3.518815891,2.337762056,3.036394464,-2.151092182,0.40679451,2.677677918,-0.81740428,1.72973078,-0.34680668,-8.597612748
6/30/11,-5.044229981,-0.405178134,-0.229153472,-3.099252582,-0.448833034,0.827799706,-1.575901063,-0.544786428,3.634723318,-0.680705832,1.62679342,-0.302532558,-5.311764033
7/31/11,2.961749871,3.026117827,1.982420356,3.123699792,-0.546411316,2.88527269,-1.625142566,-0.427807656,10.15198476,-0.427913593,1.736075922,-1.052559506,1.657237989
8/31/11,0.998596484,4.857383165,-3.33187627,0.052760622,0.29771168,5.891595362,-7.314752716,-1.591530988,11.01186628,-5.463566536,0.795949416,-0.55372778,-4.945951793
9/30/11,-14.73498558,1.919528133,-10.26062607,2.017288087,5.985131616,4.927404972,-9.4449471,-4.919812166,12.06957842,-3.996104783,5.413466988,0.562303014,-11.18888727
10/31/11,6.618338336,-1.401989324,4.795873544,-4.177773273,-3.038712716,-3.23535642,10.714119,1.882276828,-18.74387955,5.885363475,-3.888196674,-0.005833044,12.992767
11/30/11,-2.219026286,1.027431764,-6.97322414,0.415683869,2.912060499,2.972544824,-2.998325821,-0.489826814,2.455382092,-2.069331945,3.34753458,-0.608558594,4.80982683
12/31/11,-3.747901992,1.746651604,-1.944506328,0.06109379,2.288732394,1.091527728,-0.197092026,-1.350685928,-4.821822792,1.557509426,2.934118,0.86825656,-2.053440312
1/31/12,2.472874704,0.931235423,11.03415124,-0.307387835,-1.110030183,-1.497391342,5.813770285,3.369673074,-7.488358562,2.158206993,-6.989160196,-0.313870436,1.635541357
2/29/12,2.698690885,-0.96182037,2.130521372,0.944013854,-0.694934921,-0.288732974,5.030614833,0.606740648,-6.310853146,2.397664346,-0.318976534,-0.3516099,9.080583907
3/31/12,-4.136537223,-1.601152245,-7.864310202,-1.412192979,0.339103598,1.943037506,0.650629592,-0.197823224,-5.873060936,0.408770953,5.242161024,-0.378302266,-1.768726333
4/30/12,-0.423238151,2.528146024,-0.184898512,-1.213844619,-0.288592983,1.775938908,-1.144514166,0.10436758,2.916715814,-0.062087012,4.632008312,-0.66742217,-0.306765179
5/31/12,-9.131993365,2.758770042,-4.661510074,2.504779704,5.416624353,2.956013474,-8.978587463,-0.508015028,7.439717164,-2.210601721,6.45844961,-0.249011088,-16.13305123
6/30/12,5.492975738,-0.413009285,-2.631822228,-5.622734036,-1.70514071,-0.999768444,4.933117747,-1.842134314,-14.26747412,2.072494995,-2.176318902,0.7522303,-2.60992166
7/31/12,6.468635174,1.355423149,0.72485663,1.362304037,1.234885516,1.598109054,1.366652727,-2.413321286,-1.49306436,0.522861411,1.89885218,-0.055215884,4.701998884
8/31/12,1.298352365,-0.113208613,-4.956648526,-1.503915877,-1.72687118,-0.856568718,2.170309505,2.059771728,-3.26076294,1.105137278,-1.41198346,-0.078176894,9.805856346
9/30/12,1.705553015,-0.231497008,5.820445658,-1.320032917,-1.567579549,-0.508236146,3.137889821,0.633546402,-5.29962845,1.254458066,-1.83811207,0.005245114,-3.353271334
10/31/12,-3.872890576,-0.323966502,0.051852662,-2.412802164,-0.020016263,-2.413148404,-0.669462493,0.445539016,5.915636232,0.681902926,-1.873491444,1.513325238,-4.920330635
11/30/12,0.051622859,0.9945056,0.179218572,-0.653624962,0.292796456,-0.300985936,1.268546076,0.573950184,-0.728634554,0.642262911,1.906219974,-0.932316234,2.692606835
12/31/12,-2.607131945,-0.813694245,5.293935062,1.642488492,-0.479083752,-4.324991048,2.252967769,1.92272725,-0.650386066,1.717964895,-4.410197222,2.008200812,1.35762236
1/31/13,2.397259283,-1.527533865,-6.418542656,2.188904518,-0.704534343,-1.462263156,4.604594526,1.874725844,-8.794763922,2.039931313,-1.815762816,1.397769648,5.176962825
2/28/13,-4.086804907,1.108287176,-2.31485206,0.106317498,3.461815244,0.599673838,-0.01511129,1.554423284,-2.987050694,0.006333869,2.679708422,-0.274008452,-4.542244041
3/31/13,0.673806465,0.4241445,-6.916667616,1.458915595,1.552184895,-0.306198984,1.817255088,1.24876754,-6.647436802,0.93852106,3.519057186,-0.337855318,2.661280432
4/30/13,-2.790969227,1.424290204,-4.319821468,2.014214093,-1.772389181,-0.773687516,2.846010303,-2.279434624,-3.76305662,0.796962865,1.281141562,0.736553724,-5.482922709
5/31/13,-2.242793025,-3.191968057,-4.674658878,-0.429884536,1.853301691,1.395563446,-0.27676089,1.77879594,-0.75384066,1.204569813,-3.950373958,0.044334384,-1.736031578
6/30/13,-4.71460545,-2.4180359,-7.390900894,0.69100179,-0.150130313,-0.1059185,-2.926879766,-0.13127453,2.172975344,-1.075616987,5.485298142,0.045256324,3.187173355
7/31/13,1.362474887,-0.416380074,-7.840159342,-1.203378509,-2.025596613,-1.36120205,4.787401013,2.043269802,-10.04448163,1.758646082,-3.16368036,0.46286116,7.306314483
8/31/13,3.402300795,-1.111703112,0.76786767,-0.800392563,0.779600255,0.464077714,-2.090867853,0.245239506,10.59566289,-0.095904378,-1.644364182,-0.859277994,4.665259362
9/30/13,-2.554206036,1.534123231,2.521971418,-0.305591892,-2.273197949,-2.99944887,5.166723895,2.751334538,-2.545161862,0.046382552,1.368672906,-0.234796166,-3.839440887
10/31/13,-1.47659595,0.879394068,1.63836847,-0.465306032,-0.032410466,1.168166424,4.018671743,-1.283072974,-10.47967156,1.696912227,-1.4253971,0.358176454,-1.539614718
11/30/13,-0.800373847,-0.898480287,-5.60856494,3.077400273,0.604775859,2.340948956,1.409601432,0.140587158,-5.253019916,0.881550933,0.704265864,-0.318606094,-1.601067795
12/31/13,1.239907109,-1.929238827,-6.29545484,1.006996314,-0.799454636,0.356067108,1.720388145,0.90990043,-4.934248898,1.104830676,2.265254228,-0.524651296,3.713135655
1/31/14,0.297654101,2.682868146,-5.055514996,-3.449449918,1.594302493,-1.461727956,-4.002768281,3.247076732,10.62396278,-0.776412339,1.721268228,0.07156855,-2.595310952
2/28/14,6.235249475,0.519600207,-2.909575044,-0.397822446,-1.992350359,0.404058668,4.8315577,0.968548312,-7.712714836,1.491654202,1.974769992,-0.948884786,4.456046328
3/31/14,0.411181333,-0.565232807,5.40817169,-1.248022305,0.51323236,-0.2256292,0.439800142,-1.08259723,-7.323828194,0.406695635,-5.513283882,1.583836816,-0.4055961
4/30/14,2.435865527,0.820643079,-1.367166856,0.193826676,-0.781523096,1.813423222,0.947661737,-3.76361819,-1.458118442,-0.210778803,-3.58373751,0.654299996,-0.273910438
5/31/14,-2.874659802,1.897936802,2.919318414,0.468533345,1.126154466,0.20083451,2.127429221,-1.115947538,-2.270881106,-0.218376377,3.019945522,-0.902712806,2.596246695
6/30/14,0.596345417,-0.244358358,1.067956756,0.002226006,-0.739090943,-1.444725316,1.877947176,2.442865614,-2.142275832,0.783569062,-0.026462864,-0.463404282,3.759079784
7/31/14,-4.983514935,-0.289804049,5.516675488,0.227047602,2.107176434,1.509347896,-1.214355587,-4.1289791,4.13601374,-1.08254761,-0.573550766,-0.1014075,-5.535112588
8/31/14,-1.045173905,1.849654432,0.125852636,3.233651294,1.58613239,1.699037392,2.205052034,1.468099982,-9.122740776,0.481164247,1.236878464,-0.350627204,-2.392062443
9/30/14,-6.225784229,-1.073967556,-8.363654142,4.286559458,3.852661092,2.387379676,-3.242703349,-3.864952244,4.189585668,-1.415205442,2.69461663,-0.372399514,-6.440532712
10/31/14,-0.803886567,1.620448051,0.889160736,1.137699845,1.141547198,2.584787234,0.700275678,1.029141042,-7.477627182,0.206274083,-0.064832818,-0.584086738,-10.24883802
11/30/14,-4.067876168,1.29714741,-5.271408808,7.205286937,1.655602471,1.454485276,1.675826811,-1.909557318,-6.263070308,-1.437811559,2.919130184,-0.819264984,-18.30274635
12/31/14,-7.626112409,0.177356208,-5.550282026,3.511292072,2.165104803,-0.547947506,-1.934779217,3.138083338,0.851603936,-1.541188206,0.374168436,0.66242301,-18.7487844
1/31/15,-3.340238137,4.060393935,4.364085028,8.198770322,5.02387309,1.601613098,-1.560872798,0.260984254,5.938771714,-1.436231066,3.778338276,-1.52844152,-10.0456518
2/28/15,2.576320031,-2.311327698,-4.828397948,-1.308077805,0.54533564,-1.171610036,5.564898006,0.533475518,-9.249906618,3.350241615,-1.249156888,-0.571055068,9.313429401
3/31/15,-5.136349429,0.862351026,0.392725238,4.279197866,3.185027434,-0.91253688,-1.552030244,2.512603688,6.59519438,-1.01163886,1.111764868,-0.30251475,-10.49314285
4/30/15,5.733883378,-0.612486741,9.59040524,-3.96328882,-3.819758634,-1.864683184,2.900919039,-1.299046768,-2.723409798,1.565456106,-3.939484672,0.577378098,19.49580064
5/31/15,-2.698149084,-0.186413344,-7.494186228,0.811275352,2.438689218,0.143586056,-0.131517242,2.432239694,-3.858852778,0.544380592,2.98887939,-0.377290648,-1.707434465
6/30/15,1.727422702,-1.64844494,-1.303956098,-4.462763418,-1.467386257,-0.306682992,-2.351220908,1.77762932,3.31642086,-0.398239436,0.761666054,-0.550573668,-2.897390267
7/31/15,-10.61907007,1.225072326,-16.06107982,2.610891504,1.938524376,2.638761254,0.871067458,-2.57883586,-1.608387596,-1.27741074,1.49255227,-1.08902213,-19.54461598
8/31/15,-0.918721004,0.250657032,-4.316791638,-1.730510022,-1.553382099,0.302852704,-6.865011695,1.847321662,11.45246393,-1.598419911,-0.58721171,-0.013264438,2.391875507
9/30/15,-3.417224478,1.469018972,1.084736444,2.327330649,0.548923026,4.061382908,-3.625071847,-0.24966307,0.589374054,-3.278527338,0.310347548,-0.510351932,-11.15650492
10/31/15,-0.446171999,-0.599962754,-1.424099916,-3.878583474,0.618578101,1.51959666,7.853505687,-3.652262644,-16.47002341,2.732509716,-1.617959112,-0.790632968,1.91697516
11/30/15,-7.254274498,-0.423220772,-5.9422653,2.080071975,3.325562684,0.357534002,-0.826826736,2.4431918,-0.322647698,-1.958680459,1.418483246,-0.95553788,-11.99265241
12/31/15,-3.085725095,-0.339143708,-1.100804458,-0.683929421,-1.53638814,0.890356062,-1.815695256,-0.75504154,5.125551466,-2.195446262,3.53366053,-0.317162718,-16.32082609
1/31/16,-1.680640102,3.158008935,-0.848500168,3.310082885,0.988533017,4.237877938,-6.034228938,-3.18819077,1.454406666,-2.983216092,3.899172772,-0.093525302,-9.704934962
2/29/16,-1.626562347,1.469139865,1.242313258,3.033947224,-1.400518041,0.464021714,-0.712500886,1.91715587,-2.268271762,-0.137822766,-1.867245866,0.301591876,-3.755632136
3/31/16,3.821643821,-0.062520942,11.74719292,-1.535665455,-3.691032573,-1.653648916,7.378708832,2.112038482,-17.01441213,3.526830625,-3.497124992,0.29766864,8.062846913
4/30/16,8.512150132,-0.091961551,-1.740867828,0.566440316,-1.590087328,-4.708204868,1.460039472,1.326107748,-1.354893476,3.531238229,-2.6828247,1.765449304,15.88332038
5/31/16,-0.188893338,-0.0966036,-7.411663416,-3.02420543,3.017769279,1.639827686,0.119614027,0.824159414,-5.813723622,0.591834376,3.283061804,-1.529798848,4.625716643
6/30/16,4.130813698,2.901288199,8.230558196,3.946762977,0.262798386,0.809837264,-0.635785199,-1.353461438,-9.834751388,-0.876442491,7.195881634,0.607476872,-1.767651564
7/31/16,-5.111541943,0.299171981,1.025178582,0.042596196,-0.636551803,0.80797718,4.288031452,1.8319474,-4.71441858,2.071679371,-3.20464904,-1.0008933,-14.35894396
8/31/16,-1.762086209,-0.882815076,4.377574194,-2.52128903,0.513969287,-0.884026904,0.318160795,0.200349412,5.24442182,2.206279907,-5.875818914,0.57133524,5.898382966
9/30/16,3.132006378,-0.003004626,1.314984066,0.453922576,-0.582158255,0.51696741,0.579130468,1.248119896,1.28833766,0.725081506,-0.237742512,-0.642880604,6.301677058
10/31/16,-0.488450394,-1.440391788,3.90742584,-1.983118765,3.123723327,-2.123255724,-1.710246545,-2.785464586,9.240434644,1.151020959,-1.750092194,2.0463592,-3.889072599
11/30/16,1.333511737,-4.044612913,-10.51588477,1.190807557,3.103255625,-3.360999816,0.74546804,4.07402453,-11.31691122,1.890631512,-1.737653664,3.057488938,3.954337103
12/31/16,1.802503567,-0.20610061,-4.198208766,0.92063301,0.699507389,-1.34014686,2.126563664,-0.088368098,-6.972131858,1.704562287,-1.71916492,1.215851908,7.388301799
1/31/17,0.135451379,0.105339288,5.539439568,-3.012674185,-2.639663438,-0.490141378,2.690970189,-0.303769436,-0.154014476,1.256203248,2.724810436,-1.500590174,-3.388188231
2/28/17,0.20876346,0.728918966,0.719730766,0.82025521,1.615885521,3.159530362,2.770429877,-0.567461538,-8.943123582,0.783301014,-0.791865714,-1.105438884,1.136029334
3/31/17,-2.661484614,0.004392064,2.732742974,-1.959042169,-0.761471519,1.04037421,1.192898877,-0.342506152,2.312122272,-0.170735187,2.144688928,-1.364718494,-6.294419462
4/30/17,-1.505591353,1.064177073,1.281142596,-1.2438695,-1.295465869,0.947042002,1.498438123,0.432421312,-0.717369112,0.383032219,0.986099124,-1.64414831,-3.247865224
5/31/17,-1.328246068,0.811554007,1.809770102,0.109759608,-2.148409894,2.507778384,2.151872434,-2.351294846,-1.256545366,0.099890394,4.189477516,-2.50803247,-2.790819095
6/30/17,-0.192221203,-0.669915721,0.527601348,-1.946546363,-1.335094199,-2.39021202,0.373962124,1.767175708,-1.119478188,0.235884385,0.080871936,0.623454344,-4.865732055
7/31/17,2.261078927,0.306270737,5.596546994,2.521354988,-2.891412557,-1.335827662,2.724550492,-0.620579246,-0.532279324,0.677160985,1.398208996,0.082559474,7.763488261
8/31/17,0.403090818,1.379373486,3.679687922,2.282337586,-0.209986755,2.033871138,0.294110295,-0.158158326,1.269043198,-0.936149723,1.709387858,-1.10456781,-2.522538064
9/30/17,-0.149080849,-1.467177726,-4.64046378,-2.893053176,0.440281435,-1.349561976,1.844762478,2.7342035,-6.849531572,1.374209622,0.828836692,0.962613196,7.718555914
10/31/17,2.144383634,-0.263239209,2.906531788,1.211499343,1.585800851,2.006279558,1.992155546,-1.08908723,-6.145585518,0.36441584,4.76028973,-1.571181652,6.108310511
11/30/17,-0.461269742,-0.367277319,-3.24640342,0.77458025,-1.591716727,1.185424346,1.854354155,0.63142925,-9.562748102,-0.126915007,-0.574822338,-0.246097184,4.050969515
12/31/17,2.985422093,0.115601533,3.71693598,1.270748948,-0.991971799,-0.07926764,1.519094029,0.148441658,-0.947678106,-0.156761892,-2.141053078,0.777868546,6.280260121
1/31/18,1.985894534,-2.271453031,5.433001404,6.052684321,-3.246710955,-0.273229442,5.534795377,-2.899143868,-8.880062886,1.751436328,5.041204172,-1.110930574,5.502363205
2/28/18,-1.729419479,-1.028320715,-0.759128746,-8.090053819,1.660440017,1.660992892,-4.299445367,0.362475426,11.94737463,0.098086155,4.002131106,-1.330927486,-4.87670353
3/31/18,-0.621517565,1.118902712,0.667074368,-2.643506557,-0.705196826,0.423984492,-2.270849405,3.30256956,6.15705847,-1.245330488,-2.083519072,-0.309657974,6.386943342
4/30/18,2.584492243,-1.376377063,-2.634209634,-3.035756919,2.075043902,-3.170464606,0.819598446,-0.522173798,-2.429094548,1.394385164,-0.346042036,1.137683402,7.235587977
5/31/18,1.416638821,0.946705703,-7.148249706,-1.110837532,2.334469355,3.351081708,-0.019940867,3.682223432,-5.761754652,-0.741407966,3.9354978,-2.905444644,1.17619287
6/30/18,-3.49605978,-0.102656446,-7.73189568,1.228656522,0.692663723,0.182742696,-0.703592938,-0.873920686,0.459860396,0.524407957,-0.348096764,-0.985101252,5.625301351
7/31/18,-2.134269307,-0.732282384,-2.433030836,-0.614913061,-0.151105288,0.745459608,2.860606506,-3.054055412,-13.52550771,1.067555396,-2.127209338,0.673882322,-5.469275741
8/31/18,-1.770463945,0.927726307,-6.97064715,1.390686872,0.684706804,3.511421538,0.608302298,2.387331118,-6.703742912,0.094021001,5.785642276,-2.787578596,3.446272999
9/30/18,1.917608784,-1.455825814,-2.048699774,-0.565168001,-0.008408661,-0.639188344,0.285711509,-3.81027696,-5.811119748,1.200823946,1.21038383,0.371255324,6.363009396
10/31/18,-2.158791795,-0.54370693,-2.419035328,-1.386961243,2.097086154,0.511004188,-7.672744621,-4.186507948,10.17667554,-0.808413264,-4.268883494,2.288943392,-9.543530991
11/30/18,-0.563080917,1.165764428,5.521717984,-0.883710243,0.149289075,-1.14949784,1.268816784,-0.461462298,-3.440437162,-1.457290754,1.102454594,-0.25759292,-21.67327673
12/31/18,-6.887681309,2.542202301,8.501335324,5.973551771,-1.129821531,0.706951542,-7.232013092,-3.069612322,18.41119166,-3.978155665,0.076527418,-0.576823322,-10.33299073
1/31/19,5.446488408,0.545644293,1.856134974,-4.19572133,-0.61867676,-1.197418564,7.697849291,3.59599358,-14.17870411,3.45834675,-3.54693557,-0.700564198,15.12450708
2/28/19,1.012383973,-0.572208641,-4.80987487,-1.184541026,0.605787943,1.89928759,2.495027223,2.10357242,-6.081300348,1.720875168,1.491010288,-1.025583814,7.11189407
3/31/19,-0.178498845,2.297785497,-0.647599884,2.4523633,1.172041557,3.89554227,1.044644387,-3.237668234,-2.974194862,-0.979636104,2.986159556,-2.248492896,3.023082585
4/30/19,-0.421574098,-0.626626989,-2.416391778,0.498092213,0.200444061,0.65998569,3.18116553,-0.594356202,-2.045125058,1.396187764,-0.357625184,-0.824242428,6.819488265
5/31/19,-3.364529774,2.760060399,-2.586476882,0.745305603,0.278008597,-0.897745418,-6.157748173,-0.524029232,16.80815486,-2.96359161,4.823412554,-0.473817222,-14.84070969
6/30/19,2.685515507,1.176627502,-1.3338132,0.804767341,-1.657289003,0.858912168,6.351541538,-0.741128166,-18.29300509,1.023297729,-0.392800182,-0.290019024,7.218044364
7/31/19,-0.672571502,-0.284944735,-3.732035194,1.569060773,2.48205555,2.717072664,0.108922039,-0.180986584,-4.281206988,0.343878466,1.349620228,-1.693630596,0.382380175
8/31/19,-2.319536353,3.778451099,-5.022189526,3.681643458,0.406025417,1.343190038,-2.562617722,-1.71897953,3.240972062,-2.19113887,4.82391631,-1.9304959,-7.043775679
9/30/19,1.174597011,-1.260972366,-0.437697468,-4.467275827,0.466052004,-0.858378994,1.937961323,-1.081006878,-10.27711899,0.896780618,-5.678413532,2.507763332,-0.129733481
10/31/19,2.02197189,-0.012225868,2.902111622,-3.003038735,-2.037694839,2.042381368,2.56461976,0.082168284,-1.925952222,-0.025043691,-2.61533852,-0.973700928,1.222436781
11/30/19,-2.560499131,-0.780690941,-4.966170956,-0.562396792,0.946051442,2.202020538,2.314248039,0.849414736,-4.843728388,0.377389488,-0.123538444,-1.388002034,2.315551638
12/31/19,5.041330627,-0.880361919,7.561091438,-0.643391947,-1.917108463,1.032587508,3.379206509,0.220791996,-7.34998448,2.068984664,-1.612229836,-0.142956966,10.59532164
1/31/20,-7.356816254,3.082053297,-7.04524811,-2.667596298,1.038500244,3.096571196,-1.235326586,-2.605247714,4.272153908,-1.897859711,7.321587974,-4.132182174,-13.95180476
2/29/20,-5.040246908,3.025273471,5.72189234,-1.974329788,0.761885204,1.663847848,-8.205092868,-1.32273281,27.50786587,-3.209970261,2.395596626,-2.586844318,-12.84981611
3/31/20,-12.809122,3.252831637,-3.752548744,3.261391848,0.933436596,10.81187238,-13.7016636,-12.97364558,26.69284551,-10.87113092,7.202508712,-6.112750272,-49.01377976
4/30/20,-1.538405917,0.645443304,-3.171633162,-1.063458518,-0.032307568,0.695847256,10.70816956,4.613946536,-28.69524351,2.727776137,-0.97057985,-2.875752134,-17.35760304
5/31/20,4.340416059,0.181745537,-7.129967476,-0.648657123,-0.678678193,1.171099372,4.344864145,3.84708992,-3.567218034,3.93983081,1.12761382,-3.194407714,42.78959284
6/30/20,2.282265892,0.043104592,7.858291808,-2.437003797,-0.969047425,-0.830364008,3.181212411,0.086340412,2.215974482,0.348914774,7.973202602,-3.675833622,8.400901148
7/31/20,5.707562355,0.852288292,6.566690586,1.810480773,-4.150280827,0.989802364,5.274122292,0.22012899,-10.33167687,3.194434623,6.230857106,-3.580013498,3.774760522
8/31/20,6.763180034,-0.842235368,-7.762365974,1.994737626,-1.290854749,1.293482446,6.114568433,-1.914211318,-10.09202972,1.757817963,4.060241712,-3.37486535,4.153184587
9/30/20,-3.351364486,0.243553824,3.19944813,-2.625481874,1.890519187,1.14688045,-3.235634847,1.006499718,9.15193415,-0.973737319,-0.19695341,0.530738934,-7.212418186
10/31/20,1.4086069,-1.310042778,8.974248408,0.215941696,0.161898473,-1.130796918,-2.441139335,3.663715672,3.85606696,0.954303407,-1.853529326,0.465025208,-11.4032947
11/30/20,3.512497865,0.26087277,-6.000806044,2.050018455,-2.306514388,-5.123109658,12.31910588,5.487906468,-16.95637141,2.974808092,-8.706023172,3.439884214,24.99248848
12/31/20,4.974083596,-0.289216638,5.24703172,4.198518055,-2.102994481,-1.435055986,4.633163029,3.866484698,-6.579814722,1.744331488,0.299394826,-0.816123114,7.263886482
1/31/21,2.625687897,-1.090256652,6.97355222,-0.249547344,0.719392464,-1.04686909,-0.460564529,3.0236874,-3.988766956,1.047746627,7.69417049,-0.260206612,6.822890345
2/28/21,6.470519404,-2.346995328,-2.972243874,6.909815945,0.325664577,-3.00301191,2.310466948,4.740327634,0.010770374,1.811436099,-9.596679326,3.255884202,17.81914034
3/31/21,-2.146962287,-2.430317756,-8.32146598,1.084680754,2.589157011,0.314745194,2.665852098,-1.35412419,-20.6481272,1.398237482,-10.19511981,3.48784862,-2.367420081
4/30/21,8.290653124,1.00809116,-3.74071932,3.669054105,-2.093701733,0.821998302,4.368985449,-0.200092118,-13.31451569,0.29619422,3.430870606,-2.207463798,7.250923879
5/31/21,2.728377067,0.612307266,1.503146852,2.06173451,-1.368317266,0.168388754,1.556228904,-0.46740933,-8.650405586,-0.030931474,-5.970257006,2.438284572,3.839833797
6/30/21,1.851320114,0.8608427,-2.623271436,-2.649306212,2.671302107,4.214665776,1.318210227,-0.949326348,-2.657709654,0.636987779,0.548473756,-3.932775272,10.03447483
7/31/21,1.838529588,2.002074513,-15.26733392,-0.636205411,-0.283439353,3.271104018,0.685087119,-2.725112028,-17.41850982,-0.737238021,-1.024804386,-1.600701602,1.860400042
8/31/21,-0.295737502,-0.402490939,0.120401422,-0.920879214,0.490376896,1.125878156,2.499189477,-0.17721756,-7.62521611,0.704122177,1.912975432,-0.95325836,-5.456137011
9/30/21,4.975244867,-1.592861821,0.076485678,1.509586173,1.731695204,-4.839625754,-4.133798553,1.343021116,8.552510142,0.854857755,0.515448688,2.277033976,10.0651546
10/31/21,2.584053761,-0.445163572,-8.209532088,1.345101918,-0.113551947,2.691159656,5.101813326,-3.138736662,-20.90679365,-0.143662887,3.721756336,-2.564284958,9.354033138
11/30/21,-7.310560778,1.085653168,-3.256568326,-3.886645755,1.987824442,4.167720312,-2.414038075,-3.65999427,-6.826644526,-1.268387541,-2.148121678,-2.475868616,-17.34373658
12/31/21,3.525228727,-0.312834574,-4.558902582,-0.541605548,-0.027085026,-0.995340736,3.99307952,-0.616561264,-15.91551758,2.130297744,-6.348409724,3.330989854,13.39729722
1/31/22,8.778768676,-2.354703831,6.06240579,2.425189154,0.596032011,-4.105996526,-4.912553212,-4.17931052,10.82312576,-0.579928602,-5.73720055,7.248548928,16.27242047
2/28/22,6.229733894,-0.335302815,-0.7140008,2.898575421,0.172985291,-3.397335608,-2.591783464,4.473994598,6.127893536,0.08890372,0.004049026,2.111585344,10.52325071
3/31/22,8.647006996,-4.06698532,-8.920055196,7.726256521,1.659652352,1.645656504,2.1464381,-1.997498408,-17.45736971,1.631747518,3.670352984,-0.58617846,9.696745939
4/30/22,4.140708368,-4.207930332,4.78056178,6.637151136,4.726788185,-2.27696096,-8.027765553,0.65192641,14.47675392,0.238952767,-6.272360314,5.174608926,4.128315505
5/31/22,1.524936103,0.643383062,0.538174084,-0.996136547,-1.172311308,-2.62186965,0.066648622,-0.093717272,-5.283111424,-0.399606323,-0.22348057,3.269398832,9.826338466
6/30/22,-10.77456512,-1.0313127,2.878765842,0.211861322,2.882498624,1.22285945,-8.481964495,-2.5057904,20.75958069,-5.164159206,0.423133566,-0.559843842,-4.552900223
7/31/22,4.262487826,2.98441357,-15.10095758,-3.046968651,1.163490471,1.137965948,6.901381584,2.386176462,-23.04619525,3.459893572,-6.412360586,-4.927276588,-2.611677124
8/31/22,0.088087226,-4.010970344,7.784533896,4.558227364,2.641096097,-3.81643393,-3.863923053,2.042901408,13.97627407,0.521281062,3.527084354,1.89742268,-6.867212927
9/30/22,-8.108409891,-4.907071825,-4.316675992,6.600541803,3.143514259,0.398734466,-9.790893008,-1.338470222,22.18742644,0.348696103,3.849023992,0.481392436,-10.58220291
10/31/22,1.991129317,-1.616932382,-18.23665229,-1.766793955,-0.526235986,-2.38685279,5.83987312,2.432383674,-29.16602085,3.894003084,6.826320696,3.61683613,11.06824455
11/30/22,2.738124794,3.274709579,14.07523675,-3.371978428,-5.000582819,3.20767783,7.445497264,-1.651813138,-8.929423398,-1.507055562,-3.619776038,-0.177137194,-4.481819304
12/31/22,-2.447923087,-1.491882294,4.82342748,-0.882505011,-2.291647003,-1.496757464,-4.311381172,0.905844766,11.46482028,-0.173036671,2.618078166,1.771570828,-0.930965299
1/31/23,-0.489952445,2.869940308,1.506587338,0.226520798,-1.376519001,-1.323318314,6.854804832,3.978398012,-3.714853038,0.730807083,-12.25897367,-3.046192398,-1.382967223
2/28/23,-4.699011703,-3.572750755,-7.116983278,-1.078710965,2.715065085,0.492389868,-3.21481403,0.527243484,9.35664064,1.299996707,-1.112343566,-0.490499756,-2.282817791
3/31/23,-0.205912276,3.251669856,-0.190369242,-3.215204653,-2.253287435,8.065449606,2.657413338,-9.057676994,-5.961050018,-1.471325287,-2.73773868,-6.078468032,-2.710524853
4/30/23,-0.751474432,0.503167728,-5.220057408,0.890636403,-0.826293095,0.606375998,1.079326366,-2.989209172,-9.452626482,0.392510593,3.163069782,0.431060808,1.305175641
5/31/23,-5.636289644,-1.851511433,-1.155889028,1.63637974,2.623476524,6.49768975,-1.473599081,-3.093496392,3.762174342,0.172509142,-7.231204008,-5.800911704,-10.11336238
6/30/23,3.733475868,-1.710277749,-4.8267532,-0.531594274,-1.355366831,-0.840753736,5.353042945,1.21174043,-14.4713083,2.029921819,0.800349184,-0.086532552,-0.241812299
7/31/23,6.56961747,-1.023969231,4.499570736,-2.319536823,-1.027091107,-1.181382998,3.250245712,2.243607054,-4.214220272,1.449434405,-0.67172024,0.908140416,19.53437698
8/31/23,-0.76617852,-1.192005299,-6.790979682,-1.555422677,1.731873742,3.469954952,-3.246427847,-1.483333758,5.489218802,0.915710422,2.4606292,-0.50645522,2.5165046
9/30/23,-0.69432216,-3.566017434,2.928594716,1.409926429,2.514017699,-0.971879276,-4.593514952,-1.823341216,13.89484968,1.358128117,-0.360899066,2.880150508,7.604313796
10/31/23,0.265580248,-2.36498187,-1.746781618,0.946348622,0.413277602,3.490041372,-3.451863657,-4.866838538,6.871452384,0.413585829,1.713242346,-0.725789302,-7.04764264
11/30/23,-2.2526352,4.096326526,-2.423140698,-3.844099978,-2.968227033,-0.32546302,8.787704665,0.248710378,-15.95895673,0.001803292,-0.371294424,-3.14498809,-5.156417378
12/31/23,-2.689633089,3.542800569,-1.971665308,1.557305607,-2.090881861,-0.854793922,4.330498138,6.566814942,-9.28107788,-0.099894574,-2.046147302,0.140352814,-5.276873349
1/31/24,0.397861549,-0.596828022,-10.4220554,-1.523552018,1.915466827,4.44348073,0.152195781,-5.791049246,-0.170507714,0.270642415,10.99225314,-0.645179684,5.303538167
2/29/24,-1.47096828,-2.484276887,0.92175522,2.004473238,0.854038771,3.370022168,3.870876799,-1.350842116,-9.540988358,1.705034654,10.9680407,-2.338367974,2.261032457
3/31/24,3.308113151,0.354288879,-1.497866804,0.353851156,0.374438342,-1.059646602,2.68251136,1.220640302,-5.65008223,0.259614023,2.467009434,2.12112535,6.99658771
4/30/24,2.69102267,-3.56115407,7.411013712,0.898084037,1.602165554,-0.421619836,-3.704014035,-2.295509646,12.3023079,1.585818259,-0.99242787,0.674721336,-0.041748827