date,Alt Commodities,Alt HF Crowding,Alt Oil,Alt Trend,Emerging Markets,Equity Market,Equity Momentum,Equity Quality,Equity SmallCap,Equity Value,Fixed Credit,Fixed Duration,US Dollar
2007-10-31,0.02956868,0.14158614,0.11834148000000001,0.046323394999999996,0.15973907,0.035443593999999995,0.068254857,0.007467449,0.017120671,-0.0067051256,0.0021435821,0.007996015,-0.016019129
2007-11-30,-0.034208329,-0.009306631,-0.00556307,-0.020464410000000002,-0.076873584,-0.048424310000000005,-0.061159,0.027051115,-0.052868924000000005,-0.01259676,-0.027354953,0.033812299999999997,-0.0043828717
2007-12-31,0.043501644,0.01934175,0.046904225,0.00013421097,0.027026541,-0.014069970000000001,0.037647169,0.0200989,-0.0052326609999999996,-0.007996953999999999,0.00014601279,-0.0021740146,0.0071709526
2008-01-31,0.039561255000000004,-0.017551599,-0.030227157999999997,0.057791076,-0.12591649,-0.08560084,-0.11303385,-0.014767611,-0.030927042999999998,0.018107252,-0.018899060000000002,0.029837213,-0.019826663
2008-02-29,0.12078091,0.0874845,0.07204359,0.068350263,0.14259176,0.0012015096000000001,0.10813771,0.03488514,0.02718386,-0.013824259,-0.014992213,0.012465773,-0.019508517
2008-03-31,-0.064611826,-0.028209407,0.0042198807,-0.011773354,-0.08414108000000001,-0.017168417000000002,-0.038613298,-0.00038603302,-0.0026888195,0.002656677,-0.005843555,0.011074531,-0.02597322
2008-04-30,0.034467585,0.076686997,0.10284024,-0.050064917,0.066435175,0.05420077,0.06757101,0.011627430000000001,-0.013479205000000001,-0.011402068999999999,0.042206664,-0.025207956,0.0097685754
2008-05-31,0.025851078,0.08655616000000001,0.14883479,0.0018429454,0.010036050000000001,0.01458874,0.014187353,0.016550138000000002,0.03519142,-0.015780838,0.0039676407,-0.017848525,0.0050500935
2008-06-30,0.08917083999999999,0.021777639999999997,0.097355,0.026168043999999998,-0.069651823,-0.08419747,0.13951871000000002,0.054952940000000006,-0.015532423,-0.022810427999999997,-0.029450954999999997,0.007876871,-0.0057442380000000005
2008-07-31,-0.11988419,-0.038994546,-0.06786998999999999,-0.04216178,-0.034734073,-0.0279306,-0.11988670000000001,-0.015774361,-0.022559824000000003,0.014364265000000001,-0.014702383999999999,0.0042751038,0.010485079
2008-08-31,-0.07422571,-0.021491077,-0.09055039000000001,0.00645273,-0.12444584,-0.023604481,-0.03262633,0.020184777,0.0043842602,-0.0009725731,0.0010977447,0.015540298,0.056677194
2008-09-30,-0.11647294999999999,-0.16288281999999998,-0.14274822,0.032167346,-0.1537259,-0.12751689,-0.078518677,0.013112891,-0.07363301,0.022789412,-0.08013417,-0.0025559239999999998,0.026646492
2008-10-31,-0.21341728,-0.025646348,-0.33034973,0.079104705,-0.23694357,-0.19891973,0.11812822,0.09186927,-0.12940759,0.004288246,-0.15693068999999998,-0.013181331999999999,0.077829103
2008-11-30,-0.069897933,-0.055090804,-0.21227919,0.03515869,-0.047014522999999996,-0.066479335,-0.024869205999999998,0.048791833,-0.040134645000000004,-0.0022164698,-0.0980055,0.0792676,0.010306428999999999
2008-12-31,-0.0449001,0.0042918223,-0.17406396999999998,0.011352532,0.08552054,0.035765557,-0.027079375,-0.022656863,0.055268290000000005,-0.00032104187,0.070700765,0.0520467,-0.060262866
2009-01-31,-0.05386127,0.14279159,0.013243432,-0.0008912900999999999,0.014684496,-0.08572505,0.013033980999999998,0.061197176000000006,-0.0098084444,-0.040083437,0.061281933999999996,-0.03915209,0.05764578
2009-02-28,-0.044576344,0.026295223,0.03402492,0.0055277880000000005,0.059641732999999995,-0.09837293000000001,0.0080655307,0.042949758,-0.015999775,-0.033560371,-0.030677354,-0.0080821836,0.023324168
2009-03-31,0.03578165,-0.01584029,0.10791862,-0.01164004,0.13579421,0.08161417,-0.109188385,-0.059067730000000006,0.012254285,0.0038752034000000004,0.029285104,0.034929152,-0.029327176
2009-04-30,0.007158718,-0.0056908494,0.060494633,-0.017335502,0.11408103,0.11751811,-0.12832344,-0.074948115,0.09408960999999999,0.013517697,0.11970502,-0.027642674,-0.009594587
2009-05-31,0.1298506,0.023508842,0.23711954,0.015580347999999999,0.15754149,0.09905008,-0.076155515,-0.011086026,0.012636956,-0.005337317,0.06580895,-0.02037939,-0.062278385
2009-06-30,-0.01919275,-0.006113524,0.10680687999999999,-0.026306772,-0.018065269,-0.0059574413000000005,0.011031959000000001,0.0031157790000000004,0.02053667,-0.0025732434,0.027619033,-0.0034595534,0.009867323
2009-07-31,0.032140377,-0.0046439764,-0.019790722,0.011364938,0.06490591,0.08730638,-0.006166401500000001,-0.03120945,0.01395065,0.0044600064,0.057947426,0.006265655,-0.022328897
2009-08-31,-0.00599937,-0.070779414,0.028097892,0.0017109173999999999,-0.067972174,0.035011394,-0.062938614,-0.036562752999999996,0.033385844,0.025699275,0.016785557,0.009226728699999999,-0.0023165514
2009-09-30,0.015588607999999999,0.016886123,-0.026789234,0.020862270000000002,0.09734116,0.04514324,-0.010903848,-0.015308882,0.029909892,-0.010590034,0.05496646400000001,0.010735241,-0.019500062
2009-10-31,0.03270681,-0.012480725,0.08166993,-0.013165572,0.028751826,-0.016002264,0.005649088,0.05449306499999999,-0.034286515999999996,-0.014430743,0.017091689,-0.0006656499,-0.0046754515
2009-11-30,0.03510755,0.019170617,0.033983333,0.04366345,0.012076712,0.040732080000000004,0.020581794,0.025497627000000002,-0.012806257000000001,-0.005639758999999999,0.008049024299999999,0.019930053,-0.018652632
2009-12-31,0.019706084999999998,0.028974853000000002,-0.0017002726,-0.020754893,0.04384129,0.02040537,0.020334146,-0.007810328,0.04271404,-0.010872823,0.035180564,-0.04205696,0.039761875
2010-01-31,-0.07284923,-0.0009947547,-0.042957835,-0.039609365,-0.037603588,-0.043474727,-0.06535937,0.0031460792,0.018790256999999998,0.016551746,0.01028151,0.022174225000000002,0.02054082
2010-02-28,0.037014291,0.022611851999999998,0.04208169,0.0069196665,-0.017005373,0.012206198,0.008542336000000001,0.005188954500000001,0.011095801999999998,-0.0031718308,0.0010533890999999999,0.005912823699999999,0.01128349
2010-03-31,-0.012603488000000001,-0.015808219,0.057807383999999996,0.021917348,0.044421773,0.063848753,0.022828567,-0.029992137,0.029006875,-0.0020743985,0.031453128000000004,-0.012705579,0.008800305000000001
2010-04-30,0.019256498,-0.030911353,0.06726449,0.0024472052999999997,0.020144105,0.0012433816,0.01457194,-0.018012924,0.052417439999999996,0.007959375,0.021738827000000002,0.016187571,0.009693585999999999
2010-05-31,-0.06935755,0.0049320027,-0.12771704,0.011414447000000001,-0.0090438235,-0.09525059000000001,0.00805388,0.006447159,-0.01483663,0.0010815988,-0.037390819,0.028085527,0.05761429
2010-06-30,0.0030229289999999997,0.00350389,-0.0049390057,0.005022256,0.040332730000000004,-0.031472204000000004,-0.00044895664,0.013274883,-0.012396474,-0.007951393,0.010004617,0.030899026,-0.0066451114
2010-07-31,0.067556005,0.006187537,0.010776159,-0.023930954999999997,0.019207810999999998,0.08098858,-0.0046733513,-0.028093574,0.0043784118,0.0016302791,0.033786342,0.010673234,-0.05211917
2010-08-31,-0.025619044,-0.0010395019,-0.046671324,0.028410728,0.022951913,-0.03552898,-0.0030338883,0.008135667,-0.013906658,-0.005814103,-0.0015966665999999998,0.033434355,0.020317159
2010-09-30,0.07242841,-0.0074142915,0.07112160699999999,0.0084008473,0.04757463000000001,0.0953022,0.040009036,0.001843613,0.038794336,-0.015190399,0.029843853,3.0435800000000003e-06,-0.05390806000000001
2010-10-31,0.049669323,0.012692864,0.022601085,0.03491374,-0.007339522,0.0357055,0.0097671956,0.006009282500000001,0.008593522999999999,-0.010588632,0.025178585,-0.0007113611,-0.018518151
2010-11-30,-0.0036741902999999996,-0.034201455,0.03965379,-0.046042767,-0.014651661,-0.022657745,0.043170753,0.0049879166,0.023394408000000002,-0.0079829836,-0.011005234,-0.008401109,0.05082041
2010-12-31,0.10670834,-0.01651917,0.08802536999999999,0.04030436,0.013886445,0.07289335999999999,-0.043036174999999996,-0.03047478,0.027238696,0.00054614447,0.019540098,-0.034640580000000004,-0.02671916
2011-01-31,0.009871244999999999,-0.020876765000000002,0.035901327,0.0013301523000000001,-0.08060554,0.015270967,-0.033916593,-0.018287308,-0.018467727,0.007912709,0.021776886000000002,0.0002091904,-0.01640495
2011-02-28,0.013019143,0.006038712000000001,0.08247211,0.010223924,-0.069322968,0.0288415,-0.0010549478,-0.011825222,0.0067794245,-0.004891162,0.012644905,-0.0021667459999999998,-0.010968051000000001
2011-03-31,0.020476325000000004,0.019758366,0.075510607,-0.03656724,0.12041816000000001,-0.0015888796999999999,0.057757993,0.010429082999999999,0.025921261,-0.011681472,0.002996755,-0.00053468566,-0.013498772000000001
2011-04-30,0.03451119,0.0047505546,0.07698171999999999,0.02950897,-0.010534968,0.040518939999999996,0.035208635,0.020298579,0.00114538774,-0.008517969,0.013616325,0.015737872,-0.038594239
2011-05-31,-0.050639668,0.0043992347,-0.08365843,-0.035449169,-0.015474013,-0.021996896000000002,0.015944085,0.028290600000000003,-0.0072192264,-0.011578727,0.0030160326,0.025813994,0.023327568
2011-06-30,-0.05051123,0.0008147484,-0.03980302,-0.031125464,-0.0037235560000000003,-0.016342806,0.01562014,0.006108659,-0.011825465,-0.0068742890000000004,-0.0093639815,-0.0039859825,-0.0045578775
2011-07-31,0.029553256,0.057462825999999995,0.017375164999999998,0.03107337,0.020453904000000002,-0.016796231,0.016558744,0.027657082000000003,-0.0087518615,-0.012795737,0.009424670000000001,0.030233268999999997,-0.0055091923
2011-08-31,0.009918759000000001,-0.007736227500000001,-0.053051944000000004,0.0001622705,-0.059731345,-0.073459816,0.008744022,0.05689376399999999,-0.029317199999999998,-0.0088348114,-0.042271213999999994,0.048556705,0.002914674
2011-09-30,-0.14739197,-0.030328697999999998,-0.067432566,0.019726576,-0.13266108,-0.09477423,0.053968262999999995,0.04526189,-0.07007534,0.0040858978,-0.033762412,0.01921548,0.059769354000000004
2011-10-31,0.066154227,0.036118176,0.07242452,-0.042171364,0.06489677,0.10682622,-0.035867,-0.025075840000000002,0.027924335,-0.0049520418,0.059550080000000005,-0.014017604999999999,-0.030426397
2011-11-30,-0.02222926,0.01896171,0.04880841700000001,0.0039645952000000005,-0.08423567,-0.030425167000000003,0.030627856000000002,0.026592228000000002,-0.012364241,-0.010235358000000002,-0.02162074,0.010244353,0.029052827
2011-12-31,-0.037529583,-0.03220156,-0.019786178,0.0005585677,-0.020713425,-0.0023479293,0.026915111999999998,0.008955084,-0.016399417,0.005775413,0.025116432,0.017467349,0.022828772
2012-01-31,0.02466886,0.023371024,0.017821716,-0.0031305474,0.1205315,0.057763159999999994,-0.063978944,-0.010290981999999999,0.036565635,-0.006722785,0.029182448,0.009300298,-0.01115293
2012-02-29,0.026857467000000003,0.019188068,0.08972143,0.009407136,0.02696016,0.04994211,-0.0023562343,-4.2349629999999994e-05,0.0066955423,-0.009292761699999999,0.023753424000000002,-0.0095843726,-0.007006085
2012-03-31,-0.041480300000000005,0.0011112605,0.022668599999999997,-0.014368517,-0.07750118,0.006242012999999999,0.05088984,0.018550816,-0.006907827,-0.0097852564,-0.0008419177,-0.016041312000000002,0.003320239
2012-04-30,-0.004353147700000001,0.016171539999999998,-0.021071687,-0.012228399999999999,-0.005730946999999999,-0.011919388,0.04544934,0.016471225,-0.0049781385,-0.011659257000000001,0.009079213000000001,0.025321736,-0.0029452428
2012-05-31,-0.0914034,-0.04604562300000001,-0.14191564,0.024966815000000003,-0.069413986,-0.09025518,0.064775205,0.02307137,-0.023984489999999997,-0.0092432356,-0.014290750000000001,0.02758024,0.05410393
2012-06-30,0.05483605,-0.06557605,-0.060040174,-0.056479739999999994,-0.010019245999999999,0.04904134,-0.020059843,-0.006924126,-0.017073487000000002,0.00115866415,0.020941687,-0.0041335577,-0.017114714
2012-07-31,0.06457895,0.0041636297,0.053207069999999995,0.013343613,0.015430754,0.013291265000000002,0.018154285,0.01607377,-0.025531522999999997,-0.0038899046,0.017272874,0.013558303,0.012305737
2012-08-31,0.012837387,0.01587587,0.09344121,-0.015140998000000001,-0.044884560000000004,0.021504067999999998,-0.013793937000000001,-0.007354131000000001,0.017145181,-0.005561817,0.011566974,-0.0011165058599999999,-0.01731373
2012-09-30,0.016930751,-0.0021902098,-0.015988188,-0.013504988,0.06325249699999999,0.031003501,-0.017971265,-0.0035295436,0.006230035,-0.0007626093,0.013605901,-0.0023576206999999997,-0.015733682
2012-10-31,-0.038856063,0.02535691,-0.03529807,-0.02431749,-0.00095996134,-0.0070223826,-0.019874504,-0.02501172,0.0033662712999999998,0.016043308,0.008481896,-0.0032347256,-0.00026686136
2012-11-30,0.0003775638,0.0072654027,0.022547543,-0.006654868,7.74091e-05,0.01237942,0.018504348,-0.0027874017,0.004961146699999999,-0.0099517053,0.0076869994,0.009956175000000001,0.0028948623000000003
2012-12-31,-0.026183655,0.017160972,0.019635935,0.01628284,0.05821996,0.02232439,-0.04242771,-0.04097742,0.02145793,0.01946775,0.015812391999999998,-0.0081634176,-0.0048405686
2013-01-31,0.023841848,0.019061128,0.061579194,0.021527028,-0.05274327300000001,0.04594514400000001,-0.01531998,-0.01071548,0.021938898999999998,0.017172222,0.014204402,-0.015272654000000002,-0.0070949244
2013-02-28,-0.040985813,-0.004164961,-0.0064400643,0.0007641759500000001,-0.027313972,-0.0004945419999999999,0.026333476999999997,0.005397507499999999,0.013511420000000001,-0.0067179423999999995,0.004487212,0.011117083000000002,0.034561994
2013-03-31,0.0066332245,0.009837987,0.0029020652,0.014450353,-0.066146803,0.017919424,0.034959693,-0.0023046166,0.01344542,-0.0035331810000000003,0.009937995,0.0042011237,0.012444432
2013-04-30,-0.02799737,-0.0059100693,-0.038126292,0.019846023,-0.034787757,0.028016706,0.012732539000000001,-0.006168095,-0.020434302999999997,0.006762921,0.016839321,0.014245448999999999,-0.014896042
2013-05-31,-0.022532662999999998,0.038579180000000005,-0.00382594,-0.0044949985,-0.047335224,-0.0023309441,-0.040583134,0.011939963,0.015743988,0.0021893737,-0.0038149309999999997,-0.03191863,0.019861233
2013-06-30,-0.04721823,-0.0040052357,0.010589185999999999,0.0064840436,-0.076394105,-0.030333045,0.05389126,-0.0037486517000000002,-0.0045263362,0.0022085458,-0.02456208,-0.024162145000000003,-0.0029103166000000002
2013-07-31,0.013544766,0.006549638,0.066158066,-0.012278141,-0.061258125000000004,0.047708706999999996,-0.028261063000000003,-0.00980251,0.024363508,0.003376001,0.018675654,-0.0041683418,-0.02034221
2013-08-31,0.033934772,0.051820974,0.033181787,-0.008352168,0.0020444717,-0.021257374000000002,-0.018939941000000002,0.0024453825,-0.0012438116,-0.007969513000000001,-0.00546723,-0.011097671,0.007736196
2013-09-30,-0.025610325,0.047412251999999995,-0.024429138,-0.003259842,0.037032952,0.05127306500000001,0.015043384,-0.024899258999999997,0.031121001000000002,-0.0034066552,0.00869401,0.015295726,-0.02277351
2013-10-31,-0.014888215,-0.021991634000000003,-0.02715132,-0.004770663,0.02387239,0.039897763999999995,-0.012343501,0.013903618,-0.0089911395,0.00290773,0.024027753,0.008798817,-0.00037154189999999995
2013-11-30,-0.008116136000000001,0.0037637874,-0.0047848803,0.030686982,-0.055034504000000005,0.013949753,0.0070196176,0.023694122,0.0009258468,-0.0027735955,0.005527460600000001,-0.008943448,0.005978887699999999
2013-12-31,0.012280768,0.0017355153,0.042285614,0.0098325896,-0.05624409,0.016888814000000002,0.02260308,0.0041110536,0.010785149999999999,-0.0048821878,0.006044464,-0.019289114,-0.0080490047
2014-01-31,0.0029138055,0.044224424000000005,-0.027141738000000002,-0.034795783,-0.06206663,-0.04025265,0.015716033,-0.018435761,0.029690534999999997,0.0021691735,0.005142193000000001,0.02681202,0.015895555999999998
2014-02-28,0.06223734,0.015220644,0.022938782999999997,-0.004117318,-0.021232927,0.048043475,0.021109111,0.007054388,0.011885158,-0.009810818,0.019550081,0.005217893,-0.019961914
2014-03-31,0.0040064657,-0.062367654,-0.0086446774,-0.012569201,0.052323446,0.0040117377,-0.054939723,-0.0030223185,-0.011380959,0.0161828,0.002514377,-0.005660216,0.0051072973
2014-04-30,0.024262197,-0.013173915000000001,-0.0022029035,0.0018583524,-0.011818584,0.009137632,-0.035181763,0.017925324,-0.037315953,0.0068222874,0.005250148,0.0081724435,-0.007849693
2014-05-31,-0.028817073999999998,0.019644903000000002,0.014500573999999999,0.0045899034,0.029794235,0.021159308,0.030010333,0.0027974093,-0.010929636,-0.008163285,0.007797562500000001,0.018980643,0.0112306
2014-06-30,0.0058836719999999995,0.027397783000000002,0.026048922999999998,-0.00010057221999999999,0.019273343999999998,0.01868481,0.00033142383999999997,-0.012889819,0.02609479,-0.0042684466,0.008242832,-0.0024481194,-0.0074334276
2014-07-31,-0.04989975,0.002464554,-0.048125669999999995,0.0021370429,0.061815515,-0.012322327,-0.006915655000000001,0.013663958,-0.043385772999999996,7.261118e-05,-0.013061347999999999,-0.0028815454000000002,0.021041422
2014-08-31,-0.010541887000000002,-0.0096662194,-0.02562093,0.032234795,0.005369161,0.021875968000000003,0.012752198999999999,0.017986583,0.015060415,-0.003865059,0.014455984,0.018505064,0.01581913
2014-09-30,-0.062306685,0.0007478848,-0.047969002999999996,0.04259621,-0.09177638999999999,-0.032666366,0.025702848,0.02140114,-0.04325604,-0.002372146,-0.020213926,-0.010770337999999999,0.038478298
2014-10-31,-0.008088553,-0.021663537,-0.10155139,0.01073843,0.008402144,0.0063871443000000005,-1.325057e-05,0.026045403,0.010381328,-0.0053279847,0.010592782,0.01624082,0.011338850000000001
2014-11-30,-0.0407131,-0.015487769,-0.13541937,0.071803493,-0.05070152,0.016653624,0.029033093,0.014926577000000002,-0.018945659,-0.007871711,-0.008132433,0.012968177000000001,0.016483169
2014-12-31,-0.076311693,0.008142127,-0.1845032,0.034713403999999996,-0.05781609000000001,-0.019785396,0.0020557004000000003,-0.0074991935,0.030328772,0.0078340065,-0.014735802,0.0017896077,0.021551359
2015-01-31,-0.033456235,0.004849586,-0.13896123,0.0815997,0.03888183,-0.015951664,0.037374427,0.014625639,0.00030625269,-0.014523017000000001,0.0041029915,0.040553559999999995,0.05018016
2015-02-28,0.025698705,0.020441123999999998,0.1462988,-0.013405068,-0.036164742,0.05535435,-0.010092524,-0.007414845,0.0083405995,-0.0061945856,0.025188377,-0.023110907,0.0051059026
2015-03-31,-0.05142702,0.04621678,-0.052863283000000004,0.042258825,-0.0035350686,-0.015972741999999998,0.0096437776,-0.011188986000000001,0.023032841999999998,-0.0020122391,-0.0060271657,0.0086455,0.032110975
2015-04-30,0.057259264,-0.018689224,0.17547737000000002,-0.04010022,0.10205228,0.028785875000000002,-0.038603935,-0.017886926,-0.010813602,0.005402551,0.012469552,-0.0061066365,-0.038231366
2015-05-31,-0.027027663999999996,-0.011722492,0.030512133,0.0078068537000000006,-0.078645325,-0.0016262135,0.029221075,0.0008392294000000001,0.02300687,-0.0027045681999999997,0.0032935715,-0.0018670766,0.024337650000000002
2015-06-30,0.017220446,0.00017598929,-0.01437529,-0.0448776,-0.010099086,-0.023866991999999997,0.00611163,-0.005468297,0.015614389,-0.0042680547,-0.013677822,-0.016482102999999998,-0.014717033
2015-07-31,-0.10624127,0.016324323,-0.16062084,0.025899549,-0.14642203,0.008236219999999999,0.014723815,0.026189171999999997,-0.02537518,-0.010282435000000001,-0.006647276,0.012214668,0.019343581000000002
2015-08-31,-0.009296839,-0.0043736815000000005,-0.024207478,-0.017610304,-0.062869773,-0.06885021,-0.010098088,-0.0024943578,0.011351522999999999,0.0023217031,-0.017427689,0.00253303,-0.015580075
2015-09-30,-0.034248154,-0.051070713999999996,-0.08083011000000001,0.022688990000000003,0.0018342222,-0.036519765999999995,0.00024857916000000003,0.03859113,-0.007052343,-0.0036750394,-0.026784772999999998,0.014711089,0.0054300463
2015-10-31,-0.0044960684,-0.010675467000000001,0.025740688,-0.038958704000000004,0.0026463193,0.07797578,-0.012977898000000002,0.019332389000000002,-0.0273725,-0.0084771144,0.027352745999999997,-0.006031621,0.006139208699999999
2015-11-30,-0.072654996,0.0071533084,-0.09217961000000001,0.02068905,-0.064702377,-0.008549118,0.013065366,0.0025365870000000003,0.022348005999999997,-0.008489644499999999,-0.022018423,-0.004211501,0.033201447
2015-12-31,-0.031123382999999998,0.010534747,-0.1486077,-0.007158622,-0.012614932,-0.018771945999999998,0.033862836,0.006843340999999999,-0.009701389,-0.0019573982,-0.025051396,-0.0033838943,-0.015417327000000002
2016-01-31,-0.01700767,-0.094146385,-0.1332689,0.032951166999999996,-0.02538232,-0.060650130000000003,0.037450044,0.039874954,-0.040525073999999994,0.0013895363,-0.017579218,0.031526191,0.009851687599999999
2016-02-29,-0.016555481,-0.024689708,0.04854373,0.029979823,0.0053886473,-0.007641424999999999,-0.021032193,0.0027162397,0.016339626,0.004436791,0.0046062609999999995,0.014714158,-0.014043096
2016-03-31,0.037889888,-0.03361812,0.13975346,-0.015539776,0.12714748,0.073439927,-0.031081173,-0.011630095,0.026934402,0.0017215641000000001,0.04294718300000001,-0.0006090849000000001,-0.036970305
2016-04-30,0.08487370999999999,-0.0020738456,0.16345114,0.005440572500000001,-0.016346240999999997,0.014171315,-0.026931622000000002,-0.04586589,0.013465116,0.017926712,0.038515055,-0.000945157,-0.015929329000000002
2016-05-31,-0.0021542093,-0.023805792000000003,0.08032310000000001,-0.030430514999999998,-0.077281876,0.0008088583000000001,0.031824105,0.015593376,0.0066990167,-0.0140483,0.006055092,-0.0009476434999999999,0.030090165
2016-06-30,0.041017374999999995,-0.09307164,-3.127778e-05,0.039164661999999996,0.09292357000000001,-0.006813268,0.067270555,0.005243892,-0.014186329,0.007852444600000001,0.007137173399999999,0.029031856,0.0025479728
2016-07-31,-0.05137945,0.029599973999999998,-0.12477817999999999,0.0002393799,0.027328548,0.04258275,-0.02930109,0.010524929,0.021615411999999997,-0.010103773,0.02617906,0.0029896846,-0.006412185
2016-08-31,-0.017919186,0.057466226,0.06176717,-0.025379539000000003,0.043218503000000005,0.0030565667000000004,-0.058323150000000004,-0.0091415673,0.00044659119999999994,0.0064808339999999996,0.020804355,-0.008838958000000001,0.005104099
2016-09-30,0.030993106,0.015228852,0.042500877,0.0043381733,0.013623008999999998,0.00541573,-0.002382603,0.0047482443,0.013472507,-0.0055625299999999996,0.006387543,-4.27604e-05,-0.005864544
2016-10-31,-0.005193804,0.050095906,0.033423293,-0.019931349,0.035624037,-0.017243278,-0.019457607,-0.023377552000000003,-0.030266635,0.022131151999999998,0.0044520098,-0.014367330000000001,0.031178977
2016-11-30,0.012913961,-0.025916233,0.012116274,0.011548572,-0.10473845000000001,0.0072318,-0.017444592000000002,-0.032973459,0.039435232,0.031408129,-0.0027800453,-0.04048873,0.030983393
2016-12-31,0.017546759999999998,-0.032469454,0.16109873,0.0089053094,-0.032916646,0.021080582,-0.016280949,-0.012219542000000002,0.0010966249599999999,0.011345055,0.017998780000000002,-0.0020287278,0.006936332
2017-01-31,0.0008339711,0.034574284999999996,-0.004302642,-0.030386047,0.059258156,0.026743038,0.028018915999999998,-0.0029874367000000002,-0.0008643389,-0.014904011,0.013974537,0.0010734277,-0.026458477999999997
2017-02-28,0.0016299693,-0.017721134,0.0067365030000000005,0.0079493004,0.009528359,0.027620015,-0.006588929,0.032650535,-0.005293075,-0.010568411,0.013564159,0.007291883,0.016125015
2017-03-31,-0.02725209,0.023850567,-0.05749001,-0.019839153,0.027049227,0.011698204,0.020976331,0.010169357,-0.0029500884,-0.012598115,-0.0025429642,-4.52881e-06,-0.0076713365
2017-04-30,-0.015730897,0.012223047,-0.015911078000000002,-0.012538717,0.014524347,0.01484961,0.0099959636,0.0099616444,0.0046017584,-0.016097264,0.010224187000000001,0.010608946,-0.012982802
2017-05-31,-0.014156911000000001,0.0060544200000000005,-0.0213141,0.00091561474,0.017484572,0.021419477,0.041878742999999996,0.025513327000000002,-0.022781129999999997,-0.02342063,0.007528308,0.0081890947,-0.021541785999999997
2017-06-30,-0.0027987513000000005,0.0046456996,-0.062229505,-0.019736106,0.011765939999999999,0.003545531,0.0005967905,-0.023770847,0.018244445,0.006692058400000001,0.0007131325,-0.006687486,-0.013418866
2017-07-31,0.021642017,0.030113685,0.07524253,0.02508306,0.06939123,0.027086933,0.014811387,-0.011243105,-0.0040830106,0.0011022612499999999,0.00998015,0.0030523297,-0.028968687000000003
2017-08-31,0.0031042308,0.014573263999999999,-0.010520537000000002,0.022639852000000002,0.037450912,0.0027185282,0.016712441,0.019929103,-0.003266612,-0.010074015999999998,-0.0020506021,0.013747798,-0.0021724305999999997
2017-09-30,-0.0023654734,-0.022874547999999998,0.08900427999999999,-0.029216487,-0.041761723,0.018320358000000002,0.008734781,-0.012119598,0.02926315,0.010180205,0.00859436,-0.014644387000000002,0.0043430468
2017-10-31,0.020416162,-0.020759628000000002,0.059296100000000004,0.011956494,0.032063587,0.01987868,0.04808211,0.021069925,-0.0095871615,-0.01561028,0.0034424713,-0.0026147312,0.015807283000000002
2017-11-30,-0.0056675779999999995,-0.038060513,0.062187843,0.0075328684,-0.031412113,0.018428982,-0.0050697994,0.012646335,0.006311098,-0.0018761584,-0.0031895664,-0.003653436,-0.015975593
2017-12-31,0.028698337,0.008070816,0.038450886999999996,0.012407793,0.043806323999999994,0.015004636,-0.020804152,-0.00017591182,0.0030258956999999996,0.007778668399999999,0.0016829686999999998,0.00111152776,-0.009970352
2018-01-31,0.018450476,0.011677972000000002,0.052010593,0.060124792999999996,0.06312833300000001,0.05501561,0.051286319999999996,0.0012421574,-0.023315659000000002,-0.011526746000000001,0.0060838559999999995,-0.022679782,-0.032521140000000004
2018-02-28,-0.018515524999999998,0.045023704000000005,-0.057230153,-0.08126248999999999,-0.021647470000000002,-0.043381786,0.039821353,0.013546991,-0.00197981,-0.011705322,-0.008563221,-0.010260673,0.016574869000000002
2018-03-31,-0.00762989,0.019500084,0.03312448,-0.026888802,-0.00106747404,-0.023064122,-0.022442653,0.0020120184,0.03100829,-0.0014276779000000001,-0.0078809625,0.011101887,-0.0071176326
2018-04-30,0.024192398,-0.019856639,0.077255344,-0.030589750000000002,-0.028226414000000002,0.007754244,-0.0034415546,-0.031215345999999998,-0.005807550999999999,0.011742824,0.0059657013,-0.013708303,0.020671263
2018-05-31,0.012464441,-0.0054861219999999995,0.038970594,-0.011343632,-0.07403824,-0.00041849617,0.03893574,0.03309687,0.035115988,-0.027013378,-0.0022329362,0.009488663000000001,0.023229305999999998
2018-06-30,-0.036498706,0.013886551,0.038320608,0.012009866000000001,-0.071894026,-0.007389184,-0.004684926,0.00049568873,-0.010263926000000001,-0.010027353000000001,0.0026264866999999997,-0.00105135255,0.005180285999999999
2018-07-31,-0.023081489999999996,-0.072493844,-0.044469770000000006,-0.0064157220000000004,-0.008476081,0.02836504,-0.020087695000000003,0.0085948575,-0.027437307999999997,0.008002606,0.009488752,-0.007298658,0.0008276777
2018-08-31,-0.019495182,-0.00233801,0.014378017,0.013594837,-0.067339377,0.0057743460000000005,0.057774352999999994,0.034827511000000005,0.022842758,-0.02614903,0.005155083,0.0092996824,0.006154773999999999
2018-09-30,0.017451601,-0.057370479999999995,0.062719617,-0.00587054,-0.018858002,0.002610709,0.011384673000000001,-0.0069540999999999995,-0.03815983,0.0048250537999999996,0.0047260886,-0.014639431000000001,-0.00014965616
2018-10-31,-0.023655124,-0.017702309,-0.056397050000000004,-0.014010624000000001,-0.044174724000000005,-0.077022085,-0.048375472999999995,9.432690000000001e-06,-0.052486954,0.026546614000000003,-0.016858785,-0.0053596205,0.02090788
2018-11-30,-0.0076241009999999994,-0.02943409,-0.20471651000000002,-0.009286592599999999,0.053352975999999996,0.012386854000000001,0.011822059000000001,-0.010574119,-0.0048430672000000004,-0.0022224167,-0.010923027,0.011661005,0.001449712
2018-12-31,-0.07082883400000001,-0.0015355624,-0.10619165000000001,0.059398774999999994,0.075364733,-0.07273816,-0.0023896283,0.0018575278000000001,-0.039028156,-0.0047721330000000005,-0.024750009,0.025385719999999997,-0.011355078000000001
2019-01-31,0.052214083999999994,0.021549506,0.10906573,-0.042335434000000005,0.0309311,0.07624165,-0.0299565,-0.0057654166,0.039649715,-0.00767544,0.042252254,0.005451037,-0.006241801
2019-02-28,0.0081800467,0.0041119525,0.07769224000000001,-0.011936018,-0.043992734000000006,0.024686038,0.014944932,0.019823563,0.020917528,-0.009535002,0.014978484,-0.005729494000000001,0.005996262
2019-03-31,-0.0037702826,-0.0054572546,0.042283773,0.024423864000000003,-0.007139345,0.010004652999999999,0.028985794,0.038394081999999996,-0.031812086,-0.021066933,0.0056607294,0.02281708,0.011670377000000001
2019-04-30,-0.0064061904,0.054097695,0.06368761,0.004916769,-0.018811424,0.031715899,-0.002919522,0.008042276499999999,-0.004028022,-0.007495277999999999,0.012465717000000001,-0.0061562014,0.0019548073
2019-05-31,-0.035655860000000004,0.03752831,-0.10840113000000001,0.007344153500000001,-0.043522676999999996,-0.061869940000000005,0.047076817,-0.015870572,-0.012119900999999999,-0.001660681,-0.015456718000000001,0.0275405,0.0027378710000000002
2019-06-30,0.025022562,-0.049171486,-0.0031189346,0.007871029,0.007613448,0.06296186,-0.0020913973,0.011753153999999998,-0.0018896164,-0.0033481476,0.019794605,0.011710193,-0.016614608
2019-07-31,-0.008691597,-0.017647028,0.0015293341999999999,0.015420479,-0.0293513,0.0009721456000000001,0.013077688,0.026957579,-0.0021730317,-0.015346519000000001,0.0037889725,-0.0028125983,0.02477446
2019-08-31,-0.024875438,-0.011545951,-0.07101832400000001,0.036423311,-0.058335790000000005,-0.025985170000000002,0.04849774,0.011865536000000001,-0.0213207,-0.01783034,4.3128159999999995e-05,0.03772992,0.0040101784
2019-09-30,0.010004355,-0.07085858,0.01374616,-0.04491423,0.00037476535999999996,0.019102516,-0.05570523299999999,-0.0078984886,-0.009039666,0.025556645,0.0025170705,-0.012626660999999999,0.0046228960000000005
2019-10-31,0.0186677,0.019064862000000002,-0.011196919999999999,-0.030181792,0.033597085,0.025242182999999998,-0.024888895,0.02132479,0.0023742210999999997,-0.009356566,0.0009439807999999999,-7.608445e-05,-0.020431774
2019-11-30,-0.026856784999999998,0.023289819,0.036001124,-0.0056954277,-0.046156583,0.022910887999999997,-0.001174915,0.022685854000000002,0.0093003684,-0.012565353999999999,0.0020770243,-0.00786165,0.0094304264
2019-12-31,0.048921942999999996,-0.019814231,0.069841413,-0.006552616,0.08562003000000001,0.033597193,-0.014854065999999999,0.011781278,0.005176492299999999,-0.0014846177,0.018733180000000002,-0.008750024,-0.019301063
2020-01-31,-0.074831295,0.038048015,-0.0955301,-0.02683076,-0.074247236,-0.012548615,0.074175477,0.030607199999999998,-0.028058866999999998,-0.04070666,-0.0024754086,0.030797071,0.010174309999999999
2020-02-29,-0.051568550000000005,0.11423457000000001,-0.13752834,-0.020021274,0.038850863,-0.08215499,0.021885178,0.012547679,-0.022633922,-0.025604315,-0.016739048,0.030169994999999998,0.0075571936
2020-03-31,-0.1285281,-0.011372231,-0.490969,0.032313862,-0.10940844,-0.13683887,0.07890511,0.11876478,-0.15323537,-0.063157287,-0.11630939,0.032498906,0.0093137884
2020-04-30,-0.015524241000000001,-0.023339099999999998,-0.06654078000000001,-0.010908514000000001,-0.009384112,0.10667949,-0.0091075253,0.009862932599999999,0.050935097000000006,-0.02649852,0.042860129999999996,0.0064493537,-0.00036697067
2020-05-31,0.04326176,0.0717375,0.5967746,-0.006645002,-0.060966849999999996,0.043021636,0.0068608326,0.011427586,0.040367984999999995,-0.028636322000000002,0.043308115,0.0018185794,-0.00685653
2020-06-30,0.022679276,0.068207984,0.20869959000000002,-0.024370239,0.08572419999999999,0.0318274,0.073602204,-0.008230936500000001,0.0034949073000000003,-0.033206687,0.0090693706,0.00044322617000000004,-0.009730724
2020-07-31,0.056948166,0.0090040934,0.044906664000000006,0.018105724,0.08477969,0.052737274,0.061144257,0.011688572,0.00376149,-0.033432555,0.045222135000000004,0.0085347426,-0.041502809999999994
2020-08-31,0.067541385,0.042883883000000005,0.036653075,0.019947165,-0.058101535,0.061114306,0.039989452,0.015107144999999999,-0.015596116,-0.03180544,0.010207993,-0.0084455925,-0.01285601
2020-09-30,-0.033598607,0.017980245,-0.066146927,-0.026254623,0.020410147,-0.032359478,-0.0038654673,0.009553746,0.007957364,0.006980344699999999,-0.010325698999999999,0.002410069,0.019013021
2020-10-31,0.014002292000000001,-0.0057623756,-0.072497187,0.0021583417,0.08388431,-0.024369867,-0.020502984999999998,-0.012656884,0.03536771,0.005154558,0.005464204,-0.013043237999999999,0.0015337445
2020-11-30,0.035041367999999996,0.07141261,0.19812390000000002,0.020499792000000003,-0.024801085,0.12315941000000001,-0.07584151,-0.03967443,0.055988210000000004,0.029079823,0.038465707,0.0025852385,-0.023065145
2020-12-31,0.049663725000000006,0.023220462999999997,0.10001649,0.04198511,0.06759557199999999,0.046313240000000006,0.003144052,-0.011897097,0.039636779999999996,-0.00828213,0.018593504,-0.002913735,-0.021029944000000002
2021-01-31,0.026185606,-0.011731616,0.0873119,-0.0024950553,0.06720909,-0.004590507,0.078032613,-0.010938823,0.029407746999999998,-0.0022387931,0.003953996,-0.010876303,0.007270825
2021-02-28,0.064664965,0.021722019000000002,0.16419512,0.06909769,-0.025367598999999998,0.02311808,-0.09096341000000001,-0.028226662,0.047523885,0.031896493,0.0050285906000000005,-0.023455741,0.0031795459999999997
2021-03-31,-0.02149949,-0.13247214,0.006372498,0.010845115999999998,-0.075005507,0.026664414,-0.09740149000000001,0.0034331941999999997,-0.0130698,0.033852592,0.0026610722999999997,-0.024299846,0.025891570000000003
2021-04-30,0.08288801,-0.031063406,0.03849253,0.03668916,-0.025623748000000002,0.043650627000000004,0.03398929,0.0098463136,-0.00037579063,-0.021117129999999998,0.010037415999999999,0.010037341,-0.020990500000000002
2021-05-31,0.027270973,-0.0773235,0.04452077,0.019569004,0.017088424,0.015579562,-0.05841174,0.0017648240000000001,-0.004424911,0.024798067,0.0026361933,0.00614548,-0.015896144
2021-06-30,0.018485253,0.021872284,0.09390964,-0.025492765999999997,-0.019799674,0.013166815,0.005337182,0.04207966,-0.0085455424,-0.037482767,0.012693952,0.008591085,0.028999128
2021-07-31,0.018342183,-0.13698203,0.015891031,-0.0063623494,-0.14205781,0.006841844299999999,-0.010335183999999999,0.032217264,-0.027409252999999998,-0.014442145,0.0026698175000000003,0.020010931,-0.002834394
2021-08-31,-0.0030076062999999996,-0.020418177000000003,-0.055147977,-0.009206126,0.0074390540000000005,0.025031612,0.019229263,0.011743224000000002,-0.0009793134,-0.0085946435,0.0053177565000000005,-0.0039871216,0.0048396784
2021-09-30,0.049719740000000005,-0.004558716,0.07364660299999999,0.015095072000000001,-0.009818288,-0.041348557,0.003729619,-0.0526187,0.011375047000000001,0.025760636,0.00067959905,-0.015942078,0.017316952
2021-10-31,0.025799747,-0.073317084,0.11421519,0.0134505,-0.064829736,0.05102766500000001,0.036994267,0.02826364,-0.02811494,-0.024621596000000003,-0.001693943,-0.0044303373,-0.0011355204
2021-11-30,-0.073149357,-0.09723013,-0.12783143,-0.038866851,-0.04180918,-0.02422923,-0.023243071999999997,0.040941987,-0.039120138,-0.023769207,-0.010144773000000001,0.010759859,0.019878244
2021-12-31,0.035195726999999996,-0.08051899000000001,0.047927479999999995,-0.0054165846,-0.030661266,0.039991364,-0.059108815,-0.007858247,-0.0037087484999999997,0.03162696,0.018987988,-0.0030675681999999998,-0.0033752104999999998
2022-01-31,0.08766327,-0.009806024,0.16601407999999998,0.024252167,0.04733059,-0.049094176,-0.06037839,-0.045490975,-0.04635206,0.07762530299999999,-0.025315341999999998,-0.023529744,0.0090937597
2022-02-28,0.062018423,0.0098590845,0.10276077,0.028986795,-0.020530035,-0.025992043,-0.00013353722,-0.035870972,0.044113107,0.021297596,-0.00932346,-0.0034183544,0.0017298536000000002
2022-03-31,0.086064205,-0.11024741,0.12271905,0.077261376,-0.0850319,0.02151406,0.036916947000000006,0.016726521,-0.01919493,-0.0065348035,-0.0088356537,-0.040620016999999994,0.016596523999999998
2022-04-30,0.040767198000000004,-0.03567719,0.015579424,0.0663715,0.022663128,-0.08039721500000001,-0.06802586,-0.028473131999999998,0.0024912941,0.057471414000000005,-0.03197452,-0.04220579,0.04726788
2022-05-31,0.014368384000000001,-0.05794743,0.10112761,-0.0099627674,-0.00107635,0.00049430955,-0.0012916015,-0.02618096,-0.0010221184,0.032852876,0.0011758385,0.006259869,-0.011723113
2022-06-30,-0.10883471500000001,0.039216044,-0.019414967,0.0021176592,0.007925254999999999,-0.08477606,-0.0017179011999999998,0.0092608553,-0.029639745,-0.006020895000000001,-0.066202974,-0.010299054,0.028824987000000003
2022-07-31,0.040826089999999995,-0.046773496000000005,-0.05730753,-0.030467955999999997,-0.11610716,0.06850525,-0.06058259,0.012753886,0.025497185999999998,-0.04467466,0.05484530000000001,0.029377499,0.011634904
2022-08-31,-0.0015253539999999998,0.061644087,-0.09666568,0.045578919999999995,0.069320416,-0.039434554999999996,0.03115977,-0.041147695000000005,0.018885483999999998,0.020204713,-0.021971927,-0.040902776999999994,0.02641096
2022-09-30,-0.0834609,0.032731671000000004,-0.07036063000000001,0.066005373,-0.082213125,-0.09891489999999999,0.037233543,-0.001258866,-0.018589376,0.0053464359999999995,-0.037218852,-0.05024471,0.031435142
2022-10-31,0.016724297,-0.12925271,0.06394011,-0.017668787,-0.1583176,0.057047954,0.063534245,-0.020369305999999997,0.025590148,0.034987879,0.025053556,-0.017279757,-0.005262358
2022-11-30,0.023816774,0.007707876,-0.08703849,-0.033720922,0.1499213,0.07292357,-0.036960032,0.032820463,-0.012963267999999998,-0.0010604762,0.01255655,0.03136211,-0.050005826999999996
2022-12-31,-0.027985008,-0.0099795496,-0.054669046000000006,-0.008821543,0.033229454,-0.0450355,0.02334783,-0.017550089,0.008292050399999999,0.017972,-0.010552207000000001,-0.017007024,-0.02291647
2023-01-31,-0.008910713,0.09544559,-0.014108769,0.0022648808,0.03185573,0.06639665,-0.11120131999999999,-0.010193998,0.039861467,-0.027027893,0.028903232,0.026724234,-0.013765191000000001
2023-02-28,-0.050456305,0.03965061,-0.0013514388999999998,-0.010787077,-0.08520894,-0.033934202,-0.016737354,0.003476883,0.0035798419999999997,-0.0053302604,-0.013187456,-0.03747929,0.027150650000000002
2023-03-31,-0.006137175,-0.01521158,-0.0399792,-0.032152598000000004,0.00105173364,0.023610997,-0.028435039999999998,0.07899602,-0.08594374,-0.05674615,0.0006273528,0.029570096,-0.022532876
2023-04-30,-0.011335346,-0.07902311000000001,0.018632462000000002,0.008905266,-0.04838766,0.0087856853,0.02990527,0.0054928600000000005,-0.029699879999999998,0.0059585969999999995,0.0043130806,0.0030369642,-0.0082629305
2023-05-31,-0.060842520000000004,0.042501616,-0.09573812,0.016363257,-0.019404762,-0.016765392,-0.074638,0.064597883,-0.031900406,-0.05613265,-0.012625790999999999,-0.020564505999999996,0.026234765000000004
2023-06-30,0.035866306,-0.017443616,0.027685065,-0.0053178656,-0.022583594,0.050228467,0.008853181,-0.00698816,0.013791709999999999,0.0016656019,0.010911568,-0.01991182,-0.013553668000000001
2023-07-31,0.057757497000000005,0.02091114,0.11715326,-0.023194163,0.060348363,0.030051496,-0.0057443166,-0.010980734,0.022706344,0.010771250999999999,0.008515319,-0.01243267,-0.010270911
