,US Equities,Non-US Developed Equities,Emerging Markets Equities,US Fixed Income,Non-US Developed Fixed Income,Emerging Markets Fixed Income,Commodity,REITs,Cash,Private Equity,Private Credit,Private Real Estate,Hedge Funds
1984-03-31,1.349802623,9.186861931,,,,,4.90946715,,,,,,
1984-04-30,0.546551074,-1.842314119,,,,,-1.124315795,,,,,,
1984-05-31,-5.935645111,-10.338300663,,,,,2.903845195,,,,,,
1984-06-30,1.746927931,-0.323870728,,,,,-2.25970218,,,,,,
1984-07-31,-1.645123384,-6.606696647,,,,,-6.71641791,,,,,,
1984-08-31,10.633213859,8.263228194,,,,,4.292358804,,,,,,
1984-09-30,-0.347972162,-1.069737564,,,,,-0.784913354,,,,,,
1984-10-31,-0.00602047,2.31161743,,,,,0.457207439,,,,,,
1984-11-30,-1.511228852,0.194456652,,,,,0.379698287,,,,,,
1984-12-31,2.23743734,1.829322658,,,,,-1.991925316,,,,,,
1985-01-31,7.408514709,2.070003498,,,,,1.261809156,,,,,,
1985-02-28,0.862884819,-0.760569736,,,,,-1.312817617,,,,,,
1985-03-31,-0.287007396,7.568289904,,,,,4.32244054,,,,,,
1985-04-30,-0.459426547,-0.521066003,,,,,-3.23465254,,,,,,
1985-05-31,5.405104821,4.066515345,,,,,-0.010305294,,,,,,
1985-06-30,1.213400158,2.390014384,,,,,-2.914122285,,,,,,
1985-07-31,-0.484753714,4.975679756,,,,,-2.247876858,,,,,,
1985-08-31,-1.199455269,3.032345175,,,,,1.497298618,,,,,,
1985-09-30,-3.472406298,5.670512161,,,,,5.686848828,,,,,,
1985-10-31,4.250878735,6.627809671,,,,,7.241113122,,,,,,
1985-11-30,6.506163734,3.933870711,,,,,1.740556742,,,,,,
1985-12-31,4.50610872,4.569666307,,,,,-1.809366954,,,,,,
1986-01-31,0.236652783,2.345684036,,,,,-9.072975974,,,,,,
1986-02-28,7.148928133,10.90993087,,,,,-3.484157606,,,,,,
1986-03-31,5.279393619,13.908443089,,,,,-0.222087624,,,,,,
1986-04-30,-1.414817915,6.402945542,,,,,5.633346823,,,,,,
1986-05-31,5.022927989,-4.578029991,,,,,-3.754501571,,,,,,
1986-06-30,1.410956135,6.672889024,,,,,3.781546055,,,,,,
1986-07-31,-5.868282571,6.027573983,,,,,0.965275647,,,,,,
1986-08-31,7.119261393,9.724284376,,,,,8.585430095,,,,,,
1986-09-30,-8.543865892,-1.151613741,,,,,-2.527084232,,,,,,
1986-10-31,5.472937921,-6.798478293,,,,,1.052833078,,,,,,
1986-11-30,2.147717026,5.646155008,,,,,3.027325251,,,,,,
1986-12-31,-2.828825937,5.190028117,,,,,-0.726261477,,,,,,
1987-01-31,13.176735351,10.509433981,,,,,5.720635729,,,,,,
1987-02-28,3.692314765,2.895119041,,,,,-6.004532963,,,,,,
1987-03-31,2.638986629,8.093706865,,,,,8.078325393,,,,,,
1987-04-30,-1.144977717,10.479409859,,,,,5.023603716,,,,,,
1987-05-31,0.603412192,-0.088792503,,,,,4.617058178,,,,,,
1987-06-30,4.791415101,-3.274301489,,,,,3.573600675,,,,,,
1987-07-31,4.822335526,-0.266183845,,,,,4.462755126,,,,,,
1987-08-31,3.495921514,7.405555039,,,,,-2.025440402,,,,,,
1987-09-30,-2.41658581,-1.660786301,,,,,0.737532736,,,,,,
1987-10-31,-21.76306691,-14.10597866,,,,,1.051809664,,,,,,
1987-11-30,-8.534890186,0.868671493,,,,,-0.020908141,,,,,,
1987-12-31,7.286148502,2.850729139,,,,,-2.777727264,,,,,,
1988-01-31,4.043265339,1.673770311,9.84,,,,2.657888092,,,,,,
1988-02-29,4.181738755,6.558000108,0.336853605,,,,-1.105047873,,,,,,
1988-03-31,-3.334402459,6.036023093,10.743126758,,,,5.041637496,,,,,,
1988-04-30,0.942562842,1.344061678,5.333879558,,,,3.099211604,,,,,,
1988-05-31,0.317529439,-3.308616748,2.994710641,,,,3.531723416,,,,,,
1988-06-30,4.32564248,-2.738767413,3.398534854,,,,-2.793410837,,,,,,
1988-07-31,-0.541133455,3.030988502,-2.541815791,,,,0.591640958,,,,,,
1988-08-31,-3.860010293,-6.603961939,-2.675560219,,,,-0.675545099,,,,,,
1988-09-30,3.972889263,4.257886338,6.476205144,,,,-2.73071034,,,,,,
1988-10-31,2.596485086,8.445962675,-0.643668185,,,,4.840715584,,,,,,
1988-11-30,-1.889092017,5.848130996,-0.429465716,,,,5.746211084,,,,,,
1988-12-31,1.468761418,0.454149145,2.661013232,,,,7.311964605,,,,,,
1989-01-31,7.111479188,1.662886345,-1.260414441,,,,0.411558733,,,,,,
1989-02-28,-2.894375903,0.416013996,7.644598298,,,,4.301106581,,,,,,
1989-03-31,2.080591954,-2.060823594,9.969181294,,,,6.746796214,,,,,,
1989-04-30,5.008917486,0.82660438,18.977701962,,,,3.175879791,,,,,,
1989-05-31,3.513791343,-5.537471004,1.346715142,,,,-1.278273159,,,,,,
1989-06-30,-0.792462249,-1.783814029,-12.131164107,,,,3.496732446,,,,,,
1989-07-31,8.837065224,12.447474467,6.572365016,,,,-2.809807655,,,,,,
1989-08-31,1.551635012,-4.591686504,2.325455919,,,,3.474353983,,,,,,
1989-09-30,-0.654460094,4.449603511,12.602161877,,,,5.956147655,,,,,,
1989-10-31,-2.517486043,-4.116676513,1.400140482,,,,-0.703758033,,,,,,
1989-11-30,1.654101054,4.921103502,-4.659647178,,,,1.613290891,,,,,,
1989-12-31,2.141651493,3.589809495,12.206345362,,,,9.132027577,,,,,,
1990-01-31,-6.881665784,-3.8231172,3.289445284,,,,-0.437715422,,,,,,
1990-02-28,0.853834674,-7.085722859,3.924436829,,,,-0.326544049,,,,,,
1990-03-31,2.425503156,-10.535628699,-13.532534384,,,,0.73193729,,,,,,
1990-04-30,-2.688681146,-0.923595904,7.213617971,,,,-1.048679235,,,,,,
1990-05-31,9.198911729,11.277492798,8.216206837,,,,-0.738595066,,,,,,
1990-06-30,-0.888630512,-1.00765232,3.455463802,,,,-1.547945943,,,,,,
1990-07-31,-0.52234512,1.276075265,8.818970862,,,,8.253534221,,,,,,
1990-08-31,-9.431365838,-9.842599491,-12.758154109,,,,16.589289052,,,,,,
1990-09-30,-5.118456995,-14.084539266,-12.77090731,,,,22.939965769,,,,,,
1990-10-31,-0.669825192,15.401841608,-1.857570653,,,,-6.051591847,,,,,,
1990-11-30,5.993421053,-6.05429622,-5.215733015,,,,-6.564074476,,,,,,
1990-12-31,2.482775743,1.463748746,4.225139581,,,,-1.964185337,,,,,,
1991-01-31,4.15174732,3.06620663,8.083586699,,,,-9.387675699,,,,,,
1991-02-28,6.728173386,10.561845865,14.792820146,,,,1.39048653,,,,,,
1991-03-31,2.220257112,-6.137014544,4.111400677,,,,3.764175449,,,,,,
1991-04-30,0.034672992,0.844180106,1.053575432,,,,2.265058647,,,,,,
1991-05-31,3.857731755,0.904621556,7.845312038,,,,-0.051210117,,,,,,
1991-06-30,-4.789317192,-7.481511139,-3.572163181,,,,-2.367884598,,,,,,
1991-07-31,4.485991078,4.762203856,5.183447099,,,,5.105745826,,,,,,
1991-08-31,1.964827631,-2.176233236,2.109105658,,,,1.541718139,,,,,,
1991-09-30,-1.914321603,5.485767822,-3.833167825,,,,0.789246944,,,,,,
1991-10-31,1.185968858,1.272076972,4.078893019,,,,2.868322662,,,,,,
1991-11-30,-4.392804362,-4.812809693,-1.484935675,,,,-4.038972776,,,,,,
1991-12-31,11.158813496,5.005579699,11.236068215,,,,-7.078592966,,,,,,
1992-01-31,-1.990001681,-2.28125738,11.576882451,,,,2.74902919,,,,,,
1992-02-29,0.956481323,-3.726956004,4.441318872,,,,-1.096562282,,,,,,
1992-03-31,-2.183208142,-6.754803754,3.38487038,,,,1.117564774,,,,,,
1992-04-30,2.789294456,0.305768751,-0.696392786,,,,2.996419277,,,,,,
1992-05-31,0.096421256,6.523870743,-0.358205943,,,,2.686751756,,,,,,
1992-06-30,-1.735933132,-4.903879713,-9.918987342,,,,-0.55125716,,,,,,
1992-07-31,3.937399896,-2.734262217,1.087628576,,,,-1.393472503,,,,,,
1992-08-31,-2.399754838,6.08633373,-4.662348133,,,,0.104519646,,,,,,
1992-09-30,0.910562037,-2.142518606,0.341187449,,,,1.146634407,,,,,,
1992-10-31,0.210603159,-5.403439285,5.350344387,,,,-2.198736613,,,,,,
1992-11-30,3.026226002,0.780296367,-1.07862069,,,,-1.278725855,,,,,,
1992-12-31,1.010756692,0.358463053,2.939289997,,,,0.225136564,,,,,,
1993-01-31,0.704597094,-0.169627879,0.484924011,,,,1.212488405,,,,,,
1993-02-28,1.048338575,2.866810395,1.676911463,,,,1.161798935,,,,,,
1993-03-31,1.86972842,8.563341861,3.306464443,,,,2.084132516,,,,,,
1993-04-30,-2.541679222,9.343754237,2.299735633,,,,-1.07447961,,,,,,
1993-05-31,2.271746807,1.97900561,2.787465188,,,,-2.782658453,,,,,,
1993-06-30,0.075545897,-1.687997616,2.96328842,,,,-3.129582767,,,,,,
1993-07-31,-0.53272812,3.37335089,2.643307572,,,,-0.864635424,,,,,,
1993-08-31,3.443242685,5.273665051,8.444003049,,,,0.823222145,,,,,,
1993-09-30,-0.998834887,-2.371074894,3.656848338,,,,0.254708326,,,,,,
1993-10-31,1.939337576,2.960185785,8.972673105,,,,-3.592998479,,,,,,
1993-11-30,-1.291088367,-8.85831187,4.425212587,,,,-5.015461779,,,,,,
1993-12-31,1.009116698,7.093497355,16.528239203,,,,-1.881182655,,,,,,
1994-01-31,3.250101833,8.334264463,1.820632805,,,,8.142115151,,,,,,
1994-02-28,-3.004546624,-0.390373705,-1.778947849,,,,-2.174255075,,,,,,
1994-03-31,-4.574625289,-4.424011375,-9.049640555,,,,-1.190511588,,,,,,
1994-04-30,1.153038562,4.121474956,-1.999897791,,,,2.618985525,,,,,,
1994-05-31,1.239737695,-0.690782146,3.422621634,,,,1.487870179,,,,,,
1994-06-30,-2.679079956,1.291693821,-2.756395173,,,,2.459918519,,,,,,
1994-07-31,3.148985977,0.842036258,6.216944934,,,,1.721577227,,,,,,
1994-08-31,3.759874307,2.247715833,12.412334228,,,,-6.739897106,,,,,,
1994-09-30,-2.691980904,-3.269368592,1.136314289,,,,-0.941021427,,,,,,
1994-10-31,2.087834638,3.202439273,-1.803400698,,,,0.450586854,,,,,,
1994-11-30,-3.950501969,-4.926790317,-5.200559701,,,,-3.274484172,,,,,,
1994-12-31,1.229937012,0.499497713,-8.030442804,,,,3.385523664,,,,,,
1995-01-31,2.427744029,-3.968867406,-10.63911597,,,,-2.484940713,,,,,,
1995-02-28,3.607415418,-0.423443662,-2.564870073,,,,0.8077075,,,,,,
1995-03-31,2.73294543,6.089543823,0.63553627,,,,1.361884546,,,,,,
1995-04-30,2.796029638,3.621072184,4.485528399,,,,3.062125144,,,,,,
1995-05-31,3.631151522,-1.326884516,5.319187788,,,,-0.844383814,,,,,,
1995-06-30,2.127878164,-1.892041993,0.296478666,,,,-1.784140989,,,,,,
1995-07-31,3.177622763,6.083830302,2.243811368,,,,2.611495468,,,,,,
1995-08-31,-0.032060628,-3.94282577,-2.355188855,,,,2.119830872,,,,,,
1995-09-30,4.009753686,1.81695581,-0.474434229,,,,0.42233531,,,,,,
1995-10-31,-0.497921065,-2.821431347,-3.827484821,,,,1.006494624,,,,,,
1995-11-30,4.104918315,2.646179483,-1.783679155,,,,2.699624127,,,,,,
1995-12-31,1.744354404,3.89476803,4.435194224,,,,10.227220428,,,,,,
1996-01-31,3.261751053,0.284602573,7.107458422,,,,-0.161634992,,,,,,
1996-02-29,0.693358699,0.207401691,-1.588974329,,,,4.008647551,,,,,,
1996-03-31,0.791671345,1.991465221,0.778034334,,,,6.50038869,,,,,,
1996-04-30,1.343129357,2.778961854,3.997941259,,,,5.773153447,,,,,,
1996-05-31,2.285369596,-1.966870398,-0.445409409,,,,-0.789649025,,,,,,
1996-06-30,0.225639612,0.433382574,0.623797306,,,,3.879741214,,,,,,
1996-07-31,-4.574788568,-3.053908005,-6.833575037,,,1.0742683133141195,-4.732412508,,,,,,
1996-08-31,1.881396984,0.082644266,2.558970938,,,3.1718135408821624,3.220382227,,,,,,
1996-09-30,5.417276339,2.521811103,0.865620361,,,5.848475016223231,3.546558597,,,,,,
1996-10-31,2.613070869,-1.155609474,-2.667173755,,,0.8276496283240009,-0.247540454,,,,,,
1996-11-30,7.337615381,3.842994713,1.676774884,,,4.925134909173878,8.32178524,,,,,,
1996-12-31,-2.150537634,-1.417588648,0.45112782,,,1.086562839550842,0.964431159,,,,,,
1997-01-31,6.131692632,-3.625987708,6.821357285,,,3.0383375134360735,-1.470003739,,,,,,2.81
1997-02-28,0.592780171,1.503188013,4.283645537,,,1.6273732526601359,-6.893793334,,,,,,3.28
1997-03-31,-4.261399021,0.227891882,-2.627963925,,,-3.3326490111544316,1.686756137,,,,,,0.3
1997-04-30,5.840552906,0.398569956,0.177881372,,,2.9378451083109214,2.313386501,,,,,,0.71
1997-05-31,5.857675162,6.371843317,2.860947832,,,3.390413314077456,0.715237775,,,,,,1.17
1997-06-30,4.345251568,5.388595904,5.352917541,,,2.188373021152046,-5.410067343,,,,,,2.33
1997-07-31,7.812335655,1.501292865,1.491651835,,,4.133307296751942,4.09693885,,,,,,6.47
1997-08-31,-5.744584979,-7.584063925,-12.725121781,,,-0.481310163770432,2.529059959,,,,,,-2.05
1997-09-30,5.315352374,5.47644615,2.771620393,,,2.7699265121538197,2.52931206,,,,,,2.62
1997-10-31,-3.447755679,-7.80831571,-16.409341299,,,-10.59161471702722,2.751252937,,,,,,-0.45
1997-11-30,4.45865994,-1.149680853,-3.647670317,,,4.238157085241667,-9.859484237,,,,,,1.21
1997-12-31,1.573163238,0.742683913,2.408245834,,,2.44606203685489,-6.757496095,,,,,,4.14
1998-01-31,1.015024372,4.44403519,-7.841219076,,,0.4800921776981548,-1.611711673,,,,,,0.88
1998-02-28,7.04492594,6.288428147,10.437463,,,2.643817289928063,-6.598435478,,,,,,1.18
1998-03-31,4.994568014,2.957733433,4.338262477,,,2.271598808341646,-0.519375469,,,,,,3.7
1998-04-30,0.907646925,0.671436281,-1.089517601,,,0.23061051098427487,-2.726752626,,,,,,-0.88
1998-05-31,-1.882617495,-0.603712217,-13.703610832,,,-3.0213126665051937,-4.717795385,,,,,,-1.3
1998-06-30,3.943822079,0.637626653,-10.489612088,,,-2.5348067678091724,-3.545559727,,,,,,-1.63
1998-07-31,-1.161539547,0.896038066,3.169708072,,,0.5829222983793736,-7.860829484,,,,,,1.12
1998-08-31,-14.57967109,-12.507191494,-28.914010878,,,-27.340466182651912,-5.901703534,,,,,,-8.94
1998-09-30,6.239553736,-3.20364362,6.345442474,,,8.642299938644982,10.220651667,,,,,,-0.27
1998-10-31,8.029419573,10.280679618,10.530384112,,,6.389673255344852,-4.690987017,,,,,,3.26
1998-11-30,5.91260342,4.995646541,8.316746463,,,6.855236217486915,-12.167444981,,,,,,1.52
1998-12-31,5.63753083,3.821668188,-1.574879563,,,-1.9374068554396384,-1.721138039,,,,,,3.34
1999-01-31,4.10094124,-0.412753772,-1.499934554,,,-2.2723983210305665,0.436497277,,,,,,7.24
1999-02-28,-3.228251696,-2.501779654,0.979685991,,,0.9848933649289293,-4.606408176,,,,,,1.01
1999-03-31,3.879418249,4.051718355,13.260673441,,,6.6290239788809435,16.892645677,,,,,,3.91
1999-04-30,3.79439819,3.934298247,12.387439704,,,6.14813286569007,4.13268866,,,,,,5.66
1999-05-31,-2.497041597,-5.262071788,-0.527282077,,,-5.163589245221889,-5.456896304,,,,,,-0.46
1999-06-30,5.443833344,3.780168237,11.345386329,,,3.839322311791249,6.431665458,,,,,,4.53
1999-07-31,-3.204609859,2.854582146,-2.762913053,,,-1.6644736842105323,3.587372795,,,,,,-0.76
1999-08-31,-0.625413932,0.250652233,0.950357912,,,0.06690305746974712,7.038140963,,,,,,0.77
1999-09-30,-2.855173772,0.892511502,-3.412064139,,,3.142341378618796,5.304061385,,,,,,1.52
1999-10-31,6.253946722,3.633320751,2.121736137,,,3.5392493679911707,-5.15712608,,,,,,1.85
1999-11-30,1.906187405,3.368506888,8.978255722,,,2.6795216928567234,4.046411135,,,,,,3.13
1999-12-31,5.784392077,8.875471831,12.762500317,,,4.621669410401874,4.223763878,,,,,,7.67
2000-01-31,-5.090352221,-6.444158018,0.570004907,,-0.0956,-1.53855119762224,7.230600667,,,,,,-0.75
2000-02-29,-2.010814222,2.594515924,1.358067581,,0.509887452,5.3743711157147045,6.247531809,,,,,,4.03
2000-03-31,9.671989579,3.777799145,0.575545024,,1.066387289,2.7186429253497124,-1.160665086,,,,,,0.91
2000-04-30,-3.079582004,-5.355101799,-9.449889377,,0.121693341,-1.842839175370481,-0.910928773,,,,,,-2.97
2000-05-31,-2.191499762,-2.540231909,-4.168828189,,0.412073447,-2.311977715877489,11.197449221,,,,,,0.22
2000-06-30,2.39335492,3.802098475,3.379753251,,0.464681829,4.659252922725954,7.126656974,,,,,,1.83
2000-07-31,-1.63412622,-4.289324834,-5.161082252,,0.549946391,2.8552746294681075,-7.679780545,,,,,,-0.45
2000-08-31,6.069903483,0.767414156,0.432313887,,0.077330141,3.1892350074168574,15.408703265,,,,,,3.43
2000-09-30,-5.348294766,-4.968471829,-8.736231999,,0.421739253,-1.078139439367487,-1.369030867,,,,,,-0.95
2000-10-31,-0.494949565,-2.463790957,-7.252831944,,0.606781471,-2.0292713307037413,0.225295369,,,,,,-0.19
2000-11-30,-8.006856024,-3.85462597,-8.750504157,,1.40949142,-0.40260634634742276,9.215366207,,,,,,0.67
2000-12-31,0.405338606,3.44132019,2.412371555,,0.948270478,4.414658794744963,-2.061711567,,,,,,4.65
2001-01-31,3.463659224,-0.074483414,13.769953212,,0.817782744,4.824002852630982,-5.307479614,,,,,,3.58
2001-02-28,-9.229068601,-7.583993554,-7.830046876,,0.796923509,-1.3315190980658587,-1.395862061,,,,,,-0.61
2001-03-31,-6.420471958,-6.908268505,-9.82208041,,0.52311541,-1.1180063041765331,-3.919310619,,,-7.7,0.55,3.13,-0.34
2001-04-30,7.681435454,6.740912567,4.941196762,,-0.637392143,-0.48313991134140144,5.370164041,,,,,,0.82
2001-05-31,0.509019897,-3.816517918,1.193753688,,0.408937142,2.412412412412368,-2.848456949,,,,,,0.86
2001-06-30,-2.500358332,-4.229477806,-2.052759216,,0.431093554,1.5247776365946875,-7.234153034,,,-1.397616468,1.869716559,1.270241443,0.55
2001-07-31,-1.077244736,-1.861904778,-6.31912328,,0.915907913,-5.179551362279811,0.239295313,,,,,,0.55
2001-08-31,-6.410838569,-2.707211424,-0.343998015,,0.699958164,4.477611940298565,0.956081944,,,,,,0.44
2001-09-30,-8.172338962,-10.25637689,-17.317376312,,0.633180611,-3.270165208940723,-10.956085112,,,-6.603669926,1.044615835,0.124473382,-1.61
2001-10-31,1.809902588,2.533296405,7.868914654,,1.551588574,0.05525694479333598,-5.042525088,,,,,,5.66
2001-11-30,7.517597992,3.610418136,9.933547204,,-0.81588165,-1.2802490209860795,-5.370820645,,,,,,2.42
2001-12-31,0.757382948,0.575186567,8.435110341,,-0.549462274,1.1951380765905073,-1.325597391,,,-2.164705882,0.425120773,2.534187626,2.21
2002-01-31,-1.557382761,-5.354752251,3.388788677,,0.100039694,1.8494321037289652,-3.11987864,,,,,,0.02
2002-02-28,-2.076623606,0.574312463,1.642856525,,0.369839462,3.7501233593210337,4.367954514,,,,,,1.03
2002-03-31,3.673886133,5.11260278,6.025349518,,-0.700025627,0.10938837629594911,13.481767322,,,-2.958152958,2.693861843,2.639432942,1.91
2002-04-30,-6.141765224,0.444633951,0.639350018,,1.057216772,0.9834196398878614,1.107079071,,,,,,1.12
2002-05-31,-0.908145452,0.928069521,-1.593303858,,0.264687026,-0.5175009409107867,-4.35119102,,,,,,0.5
2002-06-30,-7.246462507,-4.140231909,-9.270381571,,1.045517417,-5.045871559633019,3.417419179,,,-3.370508055,-1.433389545,-0.009086779,0.01
2002-07-31,-7.899495065,-9.943281174,-5.80503858,,1.029010445,-4.527117884356824,0.578176336,,,,,,-0.63
2002-08-31,0.488141935,-0.47348256,0.712486045,,1.279291283,7.318727177882134,6.047936201,,,,,,2.37
2002-09-30,-11.002444027,-10.879527843,-10.055329494,,1.206078636,-2.7706216886209556,4.566566401,,,-6.411900487,3.74489117,1.463104326,0.31
2002-10-31,8.64488274,5.303470747,6.488776319,,-0.159570242,6.154076888466675,-4.718528202,,,,,,1.76
2002-11-30,5.706974801,4.420391206,6.047687613,,-0.057564188,2.83507582179523,-0.217069492,,,,,,2.87
2002-12-31,-6.033257571,-3.418883941,-2.560734021,,1.320673211,3.0729071258471796,8.530929838,,,-0.35626199,0.219880898,2.212270488,3.17
2003-01-31,-2.7414809,-4.226896066,-0.435389485,,0.42777056,1.648376060781076,8.991200017,,,,,,1.19
2003-02-28,-1.700373963,-2.47305151,-2.698991192,,0.804782077,3.199580382900624,12.122636298,,,,,,1.23
2003-03-31,0.835760665,-2.390906127,-2.835465905,,-0.042775026,1.6221939855993517,-14.41111879,,,-2.00770077,1.581497395,4.118471784,0.25
2003-04-30,8.104412755,9.381534211,8.907211911,,0.339703041,5.69749510273827,-6.137157456,,,,,,4.91
2003-05-31,5.089888441,5.657390259,7.177136707,,1.446260068,4.144321766561498,9.587686824,,,,,,6.78
2003-06-30,1.132213791,2.188078464,5.699463924,,-0.538896739,-0.003786301162389538,0.219461532,,,5.500982318,5.138588913,-0.067328733,0.71
2003-07-31,1.622380708,2.313561979,6.262745805,,-1.451399298,-3.5403256342294687,0.712160681,,,,,,0.65
2003-08-31,1.787308844,2.159627675,6.711973225,,-0.54209585,2.433758586849777,4.086416817,,,,,,3.67
2003-09-30,-1.194432595,2.915391438,0.733094145,,1.166110127,3.5064188541866548,-4.083938086,,,2.59377494,2.9444492,3.360282971,2.7
2003-10-31,5.496149482,6.170084822,8.509761112,,-0.75832387,0.48870788596817594,2.190843298,,,,,,3.61
2003-11-30,0.71285131,2.078026037,1.228873827,,0.231267077,1.2305651757423153,2.558981781,,,,,,1.13
2003-12-31,5.076545077,7.773091039,7.249628747,,0.637102338,2.937108749454098,6.24496954,,,7.77907429,4.506526981,4.5791575,4.42
2004-01-31,1.727642276,1.370024893,3.551501411,,0.490770312,0.14142771276040023,0.391822752,,,,,,2.02
2004-02-29,1.220902991,2.184232807,4.612992906,,0.828189868,0.7202626840377313,7.420400553,,,,,,1.98
2004-03-31,-1.635893584,0.158228182,1.284921694,,0.221086545,2.495881095102903,2.009608943,,,2.574281246,7.176386347,3.054148812,1.81
2004-04-30,-1.679082942,-2.553993475,-8.175726462,,-1.047378962,-5.4311022948801195,2.757978496,,,,,,-2.28
2004-05-31,1.208344622,-0.068155231,-1.969514138,,-0.131715011,-1.4827673501862204,4.626884796,,,,,,0.0
2004-06-30,1.798907806,1.992138334,0.456784912,,-0.028425707,1.4683748761058713,-4.699987603,,,2.486220242,1.521787544,5.995312618,0.9
2004-07-31,-3.429052277,-3.314590557,-1.768223204,,0.376522375,2.9702253898194364,7.75265824,,,,,,0.19
2004-08-31,0.228733253,0.179185664,4.186018919,0.1833,1.305252193,4.128311432787579,-3.883005704,,0.1833,,,,0.37
2004-09-30,0.93639064,2.470401244,5.775679928,0.048910347,0.399689596,1.6634612140229876,12.613930715,,0.048910347,3.375672274,6.164083065,3.808844508,3.17
2004-10-31,1.401424752,3.350274325,2.395685471,0.137879705,0.495375717,1.6096913375373,4.148302144,,0.137879705,,,,1.54
2004-11-30,3.859493895,6.636407981,9.262525854,0.044435367,0.219791629,0.6990037563286311,-4.83734459,,0.044435367,,,,3.51
2004-12-31,3.245812816,4.329061408,4.814151224,0.164815849,0.44021303,2.504135716370981,-9.988567356,,0.164815849,9.442107594,10.716991528,7.990930328,1.53
2005-01-31,-2.529044821,-1.880732435,0.316511129,0.13949012,0.697889748,0.6265624505553458,6.761556264,,0.13949012,,,,-0.03
2005-02-28,1.890338365,4.144439467,8.780881388,0.109907676,-0.470229686,0.6666876316865133,6.226208401,,0.109907676,,,,3.52
2005-03-31,-1.911764706,-2.889796245,-6.588096458,0.205788661,0.409753333,-2.54599981256447,7.559269342,,0.205788661,1.496915141,5.766718507,6.540688427,-1.12
2005-04-30,-2.010858977,-2.725183569,-2.665323536,0.276823527,0.997654479,1.5771252724708473,-9.050868546,,0.276823527,,,,-0.26
2005-05-31,2.99520249,-0.376447506,3.52083866,0.27665152,0.630508755,2.9916687705125344,-0.732836091,,0.27665152,,,,1.03
2005-06-30,-0.01426773,1.122466525,3.451901669,0.189470182,0.655493032,1.77717857580586,5.795195887,,0.189470182,5.779770802,0.576402776,8.414452075,1.49
2005-07-31,3.59682036,3.015116877,7.075795611,0.149521179,-0.571073618,-0.2468689788054257,5.49530896,4.432624113,0.149521179,,,,1.71
2005-08-31,-1.122202596,2.262963164,0.900178698,0.332045696,0.603420078,1.9406048168044476,15.143467405,-4.074702886,0.332045696,,,,1.07
2005-09-30,0.694894004,4.272769934,9.324617407,0.185369316,-0.468823073,1.6904994522900285,0.017949073,-0.701861459,0.185369316,5.463966086,3.32748538,7.447394514,4.27
2005-10-31,-1.774074104,-2.965727564,-6.533532518,0.226696294,-0.536209424,-1.478979853266582,-10.325100947,-3.736939152,0.226696294,,,,-0.6
2005-11-30,3.518612108,2.247652715,8.279704436,0.320045334,0.365703986,1.6843971631205656,-3.847789668,3.945856212,0.320045334,,,,2.44
2005-12-31,-0.09523962,4.606542,5.92378139,0.356876299,0.532250635,1.691368788142955,2.868541541,0.921375921,0.356876299,7.217507816,2.716622333,11.196554906,2.57
2006-01-31,2.546683864,6.097161048,11.230512154,0.287909354,-0.292946605,1.1974165523548574,4.334102855,6.262933658,0.287909354,,,,5.06
2006-02-28,0.045309668,-0.345051958,-0.095739202,0.281393234,0.024677338,2.222473242777734,-10.104387678,1.082536228,0.281393234,,,,1.08
2006-03-31,1.106460731,2.884306368,0.896415308,0.351668091,-0.868366121,-1.8978949113210741,5.130406485,5.371713509,0.351668091,5.007081563,3.024960053,7.625633933,1.44
2006-04-30,1.218692801,4.513990463,7.13627882,0.351106503,-0.47020733,-0.08448086508408004,6.333438199,-4.748332975,0.351106503,,,,3.12
2006-05-31,-3.091690129,-4.367454203,-10.45642099,0.35006904,0.28900692,-2.0489839632478968,-0.769632581,-3.466380624,0.35006904,,,,-1.88
2006-06-30,0.008660804,-0.210703604,-0.212035255,0.337619232,-0.156866117,-0.00575473326814846,1.162445695,3.006023744,0.337619232,2.991113932,6.2306129,5.945853324,0.29
2006-07-31,0.508581326,0.920584561,1.470585775,0.485757315,0.689745332,3.271754143646377,2.005213328,2.889910861,0.485757315,,,,1.53
2006-08-31,2.127426253,2.491303162,2.597874773,0.453302226,1.221934648,2.6024687230070453,-7.257489584,4.701467829,0.453302226,,,,0.42
2006-09-30,2.456627449,-0.012377248,0.840602862,0.449659467,0.468525818,0.5594329630936867,-10.706430583,0.0527037,0.449659467,4.036668978,1.419725117,5.409995148,-0.23
2006-10-31,3.15080286,3.839607011,4.755025201,0.39461365,0.124000807,1.639255718490884,-2.568262752,5.588916983,0.39461365,,,,1.87
2006-11-30,1.646660958,2.792427045,7.447529547,0.422595834,0.550898771,1.4826230205122526,5.528091821,4.659516089,0.422595834,,,,2.84
2006-12-31,1.261575148,3.089237873,4.512347593,0.383337261,-0.487511134,0.9818296067445553,-7.117884463,-2.512035845,0.383337261,9.72972973,5.524944155,17.387802071,1.97
2007-01-31,1.405908482,0.636440004,-1.010066798,0.397492131,-0.14033101,-0.1348233036894797,-2.289875989,6.419910033,0.397492131,,,,0.54
2007-02-28,-2.184614529,0.698343073,-0.579267625,0.422981861,0.887490314,1.225432925721126,4.297011607,-0.252699288,0.422981861,,,,0.84
2007-03-31,0.997995479,2.152663747,4.005814726,0.424500197,-0.10755555,0.97463387109189,3.234300333,-3.169046522,0.424500197,5.870841487,2.079217236,2.999705911,1.37
2007-04-30,4.329068311,4.092705934,4.758573771,0.405636929,0.100467991,0.8661637328863048,-0.275042154,0.299686043,0.405636929,,,,2.4
2007-05-31,3.25492286,1.243856501,4.883866815,0.425634429,-0.60326341,-0.38529337698313126,-1.553386087,-2.18164572,0.425634429,,,,2.72
2007-06-30,-1.781630973,-0.042670917,4.730054081,0.424826218,-0.296146363,-1.8884141871224003,3.221255673,-8.732121212,0.424826218,8.566511569,8.493087558,6.925541702,1.13
2007-07-31,-3.198190707,-1.53562113,5.328129772,0.440155763,0.99785753,-0.9018294254058423,5.545982989,-8.882277943,0.440155763,,,,2.1
2007-08-31,1.286359232,-1.805549073,-2.092434704,0.658821122,0.986409436,1.2116484659386417,-4.186840933,6.92630597,0.658821122,,,,-1.14
2007-09-30,3.579400132,5.170344317,11.051996701,0.492687259,0.188999934,2.2709756974772732,10.225816734,4.492911668,0.492687259,3.317090354,2.255447479,-0.537028246,3.92
2007-10-31,1.482233503,3.841177695,11.159839503,0.332969578,0.624198714,2.3838231600100457,9.606929832,-1.99332081,0.332969578,,,,3.07
2007-11-30,-4.404342382,-3.451598958,-7.084272818,0.717404011,1.134651394,-0.37047032557228077,-3.697266223,-9.179001171,0.717404011,,,,0.38
2007-12-31,-0.863524042,-2.295049386,0.359066165,0.240299351,0.055860871,0.6230299448384269,5.765249395,-5.504748505,0.240299351,3.096942834,-0.228462241,-2.887569728,1.21
2008-01-31,-6.115708108,-9.285906231,-12.450117702,0.824010517,1.433720982,0.8541151709453354,-0.025487859,-1.613003288,0.824010517,,,,0.6
2008-02-29,-3.476116209,1.269157824,7.417583178,0.343224679,0.547219003,-0.1771414705168839,11.258471381,-3.102339366,0.343224679,,,,4.85
2008-03-31,-0.595958305,-1.518755885,-5.282896398,0.312962084,0.206359176,-0.04132532756399021,-1.174168015,5.713542006,0.312962084,-1.510224329,-1.711145343,-3.087083397,-1.33
2008-04-30,4.754668481,4.949900633,8.131533433,0.004228852,-1.078548987,1.0116731517510136,7.964568452,5.657125269,0.004228852,,,,1.35
2008-05-31,1.067415325,0.277795762,1.884234818,0.003538277,-0.794788027,0.12278505392908645,9.103948962,-1.124446516,0.003538277,,,,1.82
2008-06-30,-8.596238164,-8.309742725,-9.962386249,0.135916817,0.139971493,-1.9260826700651545,9.216529801,-11.307524601,0.135916817,-0.878616599,0.779396815,-2.196513471,1.05
2008-07-31,-0.9859375,-3.276220601,-3.692910156,0.251643438,0.866888192,1.1131270534006754,-12.226316811,4.610682966,0.251643438,,,,-1.44
2008-08-31,1.219050324,-4.292645602,-7.954835944,0.177771359,1.048482242,0.8074684772066298,-7.10224612,1.867140861,0.177771359,,,,-1.05
2008-09-30,-9.079145327,-14.711772371,-17.489557555,0.35559827,0.461930391,-6.84338392706807,-12.441976886,1.41521197,0.35559827,-7.61630533,-9.604068594,-3.837054801,-3.48
2008-10-31,-16.942453445,-20.238594579,-27.353252941,0.349378882,0.493022186,-14.891034910142487,-28.198555962,-32.292371058,0.349378882,,,,-3.37
2008-11-30,-7.484903226,-5.697696288,-7.520638131,0.381308634,2.227547004,2.4786869330420735,-14.840795963,-19.012166334,0.381308634,,,,1.42
2008-12-31,0.782156565,5.922656946,7.826944685,0.234112719,1.913464059,7.768369944934594,-13.319632164,15.829596413,0.234112719,-14.948359103,-15.841353978,-23.074849189,1.9
2009-01-31,-8.565745918,-9.881984041,-6.417176492,0.017022026,-1.183055695,0.8516015603537985,-8.938872581,-16.260162602,0.017022026,,,,1.47
2009-02-28,-10.993099602,-10.536020639,-5.624483044,-0.02853456,0.24538166,-1.1930703857049418,-6.100434577,-19.937586685,-0.02853456,,,,-0.21
2009-03-31,8.540449667,5.872418241,14.38460493,0.140511414,0.80996756,3.738214699233633,4.505459122,4.330879168,0.140511414,-4.296903068,-2.209944751,-6.956978884,2.47
2009-04-30,9.392506374,12.2706841,16.656320808,0.109105118,-0.303415387,5.386659580122277,-0.918654873,27.175868272,0.109105118,,,,2.51
2009-05-31,5.308119143,11.086344719,17.144974584,0.03903227,-0.657401957,3.7849559976801617,19.665168589,0.337286476,0.03903227,,,,4.81
2009-06-30,0.019605285,-0.770168196,-1.327191842,0.037750254,0.563244842,1.3193060887312091,0.571099596,-3.762741271,0.037750254,1.922066221,8.593220339,-11.112157454,-0.23
2009-07-31,7.414164011,9.045788295,11.316259859,0.058250214,0.496295448,3.086256924294406,0.443080806,9.847887324,0.058250214,,,,2.64
2009-08-31,3.356017337,5.161019133,-0.331114303,0.069606449,0.743258186,1.9005303805713636,-2.364280536,16.545286696,0.069606449,,,,0.94
2009-09-30,3.572338383,3.594078399,9.093373995,0.056658179,0.446635161,4.917246889624449,0.172646665,3.819750044,0.056658179,4.987108656,10.675823318,-1.9387647,2.84
2009-10-31,-1.976198585,-1.294731419,0.13293065,0.037666466,-0.093287295,0.1479579625318861,5.872757674,-6.256358087,0.037666466,,,,1.04
2009-11-30,5.736399695,1.750708242,4.300596078,0.073956834,0.804383668,1.0472114193842863,1.524339291,5.416892747,0.073956834,,,,2.2
2009-12-31,1.777059774,1.359025049,3.961436093,-0.04427397,-0.975454239,0.32036810079776323,0.864322078,8.818735524,-0.04427397,5.423800168,6.06402482,-4.55920484,0.84
2010-01-31,-3.69742624,-4.438016034,-5.560985986,0.104165702,0.616577521,0.36863989026534316,-7.89439035,-5.38431218,0.104165702,,,,-0.28
2010-02-28,2.851369346,-0.878562479,0.372943394,0.011188054,0.365555257,1.4157591287636606,5.558418322,3.999333444,0.011188054,,,,0.53
2010-03-31,5.879636755,5.806097565,8.081212157,-0.003364452,0.056997879,2.332975385846292,1.935392695,8.083640442,-0.003364452,3.600665557,4.644772415,0.033959701,1.62
2010-04-30,1.475932719,-2.098807078,1.233882484,0.019598591,0.266954238,0.761301207794074,2.774989291,7.012082129,0.019598591,,,,0.84
2010-05-31,-8.19759162,-12.062751912,-8.752554003,0.055504443,0.991336405,-1.5784852259500437,-13.189209016,-5.873796495,0.055504443,,,,-1.3
2010-06-30,-5.38823767,-1.159648605,-0.717261178,0.051943511,0.631773368,2.006307315656275,0.417185571,-6.181470307,0.051943511,1.25273031,0.220236331,-0.260269322,0.27
2010-07-31,6.877783276,9.405577531,8.39837658,0.041499632,0.532949524,4.116749720329538,5.63014208,8.730096478,0.041499632,,,,1.49
2010-08-31,-4.744916485,-3.335124912,-1.908433122,0.048116245,1.527382455,2.32667174588288,-5.524778602,-1.637570336,0.048116245,,,,0.86
2010-09-30,8.755110404,9.489121018,11.126495146,0.025935025,-0.207044667,1.6762122947689528,8.488181772,4.899156582,0.025935025,5.361334941,4.128808689,2.938506921,3.42
2010-10-31,3.685594111,3.549171163,2.912351931,0.03532626,-0.276546318,1.7199294002778753,2.556782139,3.334964693,0.03532626,,,,1.69
2010-11-30,-0.229028278,-5.028384932,-2.635760805,0.001593734,-1.229348637,-3.184184295049286,1.082465878,-3.146143437,0.001593734,,,,0.16
2010-12-31,6.5300072,8.022928526,7.147730432,0.022060279,-0.26563964,-0.3317508436766925,9.402613935,3.793223891,0.022060279,6.871010478,4.736201299,3.93475146,2.15
2011-01-31,2.264559015,2.296729011,-2.694077036,0.050484255,-0.359965861,-0.543280726924944,3.051757348,4.630502086,0.050484255,,,,-0.05
2011-02-28,3.195658259,3.102137768,-0.917772288,0.024391205,-0.012716468,0.2942817026023947,3.745537883,4.547793645,0.024391205,,,,1.48
2011-03-31,-0.104730188,-2.656381068,5.895203096,0.028491365,-0.065501435,1.2695612150966262,4.351435919,-1.415123362,0.028491365,5.522060066,4.572402836,3.764581124,0.77
2011-04-30,2.849535763,5.578544956,3.123724929,0.055374789,0.471207296,1.3918872855356756,4.411719909,5.535792299,0.055374789,,,,1.7
2011-05-31,-1.350092768,-3.5982045,-2.583188318,0.031816602,0.853790438,1.466166115687062,-6.888426219,0.786516854,0.031816602,,,,-1.21
2011-06-30,-1.825750818,-1.429010884,-1.496295904,0.021678629,-0.078350475,1.1210101976954157,-5.3053803,-4.72921434,0.021678629,4.448123031,2.560492089,4.363822177,-1.03
2011-07-31,-2.147443664,-1.65372949,-0.376084212,-0.021590247,0.758459401,1.945936106307422,2.434881567,1.28102482,-0.021590247,,,,0.9
2011-08-31,-5.67910979,-9.301936008,-8.899745841,0.095754173,1.430974962,0.5321048496535585,-1.84461304,-5.028884159,0.095754173,,,,0.23
2011-09-30,-7.176201298,-9.861813865,-14.562586638,-0.017142332,0.786036274,-4.200561258925095,-12.168786379,-13.830195928,-0.017142332,-3.95194274,-4.559578004,-0.377007442,-1.64
2011-10-31,10.772303831,9.587931565,13.25563213,0.030108768,-0.562341577,4.508964161892548,9.746195633,12.01515827,0.030108768,,,,2.08
2011-11-30,-0.505864518,-5.164477237,-6.659222225,0.021905897,-0.301263999,-0.585428160868573,1.416560415,-3.800995025,0.021905897,,,,-0.04
2011-12-31,0.853275165,-1.031311266,-1.195688518,0.006185807,1.310676423,1.1795356805081925,-2.107454933,3.689146325,0.006185807,2.427210305,1.449878861,2.270605003,-0.28
2012-01-31,4.358301527,5.251736988,11.361998459,0.015630734,0.526653741,1.7619047619047423,2.232247399,6.351000865,0.015630734,,,,2.3
2012-02-29,4.058944994,5.443862633,6.008479993,-0.013873242,0.182605396,2.9515242898490612,6.06346386,-0.544022011,-0.013873242,,,,1.45
2012-03-31,3.133237655,-0.906953464,-3.32690567,0.007606266,-0.358481862,0.0942729201037551,-2.350251598,4.143351147,0.007606266,5.58644702,3.981491847,2.710365707,-0.14
2012-04-30,-0.749749728,-2.397825321,-1.16729901,0.027246749,0.546902985,1.7558612802314189,-0.513277652,2.565805361,0.027246749,,,,-0.25
2012-05-31,-6.265067136,-12.090712561,-11.162569279,0.021139724,1.138767832,-2.7718091963901625,-12.977991636,-5.444699511,0.021139724,,,,-1.55
2012-06-30,3.955492128,6.788950507,3.906496751,-0.000668308,-0.270567544,3.568210794730131,1.201367505,4.743525896,-0.000668308,1.136922925,1.195004665,1.356852103,0.48
2012-07-31,1.259763904,1.067616037,2.022689367,0.040098777,0.852193825,4.003348434114562,6.373501499,1.747295852,0.040098777,,,,0.98
2012-08-31,1.976336166,2.358954183,-0.289013471,0.007181484,0.134811227,1.1599829553524676,6.365187759,0.005841121,0.007181484,,,,1.3
2012-09-30,2.423609038,2.597528812,6.053972752,0.025049891,0.274098293,1.4727448594339831,-1.42224533,-1.810641902,0.025049891,2.798189693,4.028511649,1.814153164,1.08
2012-10-31,-1.978940354,0.759355014,-0.596364933,0.008013958,0.04666786,0.8163955597921602,-4.065772627,-0.446136458,0.008013958,,,,-0.12
2012-11-30,0.284670292,2.200889088,1.276955095,0.021034953,0.581183431,1.5524682415017477,1.476999421,-1.230879541,0.021034953,,,,0.62
2012-12-31,0.706831053,3.103018749,4.901547165,0.028457978,-0.05196117,0.8677930951630053,-0.648355032,2.456140351,0.028457978,3.020261314,3.814555991,2.276024664,1.2
2013-01-31,5.042806358,5.194902251,1.394287359,0.024778929,-0.349887764,-1.361779752142056,4.3574466,4.670524327,0.024778929,,,,1.89
2013-02-28,1.106060303,-1.157424293,-1.241978336,0.007173266,0.530117927,-0.14267779029185634,-4.385260345,1.336943645,0.007173266,,,,-0.02
2013-03-31,3.59877994,0.389897255,-1.700695206,0.023686761,0.654272749,-0.7515608078338065,0.7696726,2.894678245,0.023686761,3.446374414,3.648125041,2.79280078,0.55
2013-04-30,1.808576399,4.736840518,0.792909998,0.02634945,0.78650474,2.8332187573957945,-4.730082559,5.653538195,0.02634945,,,,0.64
2013-05-31,2.076278348,-2.929083464,-2.518489722,0.00141716,-1.222065182,-3.810314089556155,-1.489111062,-5.898919556,0.00141716,,,,0.74
2013-06-30,-1.499932546,-3.719031997,-6.318614334,0.00700234,-0.925483373,-5.030796790451742,0.233570769,-2.296348697,0.00700234,2.767412935,2.718200539,3.458685527,-1.57
2013-07-31,4.946211121,5.235890944,1.098922913,0.034675827,0.338611686,0.9496056009449028,4.913731977,1.79337232,0.034675827,,,,0.89
2013-08-31,-3.129801332,-1.589300875,-1.67816423,0.007499381,-0.213497055,-2.67987555122452,3.376023065,-8.737757838,0.007499381,,,,-0.29
2013-09-30,2.974947488,7.122245848,6.53477298,0.030328557,0.614720854,2.669577362709985,-3.391642559,3.01558753,0.030328557,5.074562351,3.676402554,2.592746978,0.16
2013-10-31,4.459575986,3.308770449,4.87314524,-0.004414632,0.701770338,2.6696945524575577,-1.442867217,4.318221498,-0.004414632,,,,1.09
2013-11-30,2.804946087,0.560128739,-1.454431889,-0.000749688,-0.022813981,-2.280181795866676,-0.779562304,-6.415620642,-0.000749688,,,,0.62
2013-12-31,2.35628333,1.412927754,-1.437656379,0.019158828,-0.559401234,0.5836111480463035,1.927378753,-0.476900149,0.019158828,7.005635773,4.25405325,4.753778645,0.8
2014-01-31,-3.558289511,-4.06998007,-6.471293676,0.016823225,1.290149141,-1.0194310833624987,-1.636453878,5.444743935,0.016823225,,,,-0.38
2014-02-28,4.311703757,5.34626944,3.333623009,0.012157316,0.302827425,3.2437034502977857,4.508239772,5.385139741,0.012157316,,,,1.3
2014-03-31,0.693215736,-1.043010095,3.092047916,0.025727081,0.130157584,1.2612339092266112,0.139769681,-0.350366537,0.025727081,3.57911733,4.097588814,2.815918082,-0.4
2014-04-30,0.620079686,1.094826609,0.37227763,0.022307717,0.472517335,1.5590802050145625,0.741622054,2.380050847,0.022307717,,,,0.01
2014-05-31,2.103028212,1.029895194,3.513245915,0.002829452,0.635333801,3.1953679644822985,-0.175445077,2.3617055,0.002829452,,,,0.93
2014-06-30,1.905831345,0.792621724,2.702128815,0.009153851,0.330995624,0.7413164292391805,2.117081745,1.754929287,0.009153851,4.375904688,3.100243963,4.08178663,0.81
2014-07-31,-1.507986308,-2.001082891,2.015732358,0.011566081,0.370034211,0.40154723606629084,-5.297207071,-1.592776707,0.011566081,,,,0.35
2014-08-31,3.765532173,-0.415813976,2.293524148,0.015308725,1.100690694,0.22907509966587636,-1.63953922,2.969072165,0.015308725,,,,0.83
2014-09-30,-1.551385915,-4.080667731,-7.391533721,0.016886932,-0.104650047,-2.409113204939628,-6.023830125,-7.428914698,0.016886932,0.583173316,0.436031054,2.163827474,0.91
2014-10-31,2.320145618,-1.502489575,1.190675793,-0.006404306,0.560319581,1.6472814134322888,-5.983732903,10.15033528,-0.006404306,,,,-0.31
2014-11-30,2.45335844,1.175958589,-1.051732081,0.010314089,1.023514413,-0.6037785776235594,-10.920411496,0.942608866,0.010314089,,,,1.59
2014-12-31,-0.418851206,-3.524470844,-4.561459126,-0.015386368,0.732155595,-2.6542512272337837,-13.630369385,1.473663732,-0.015386368,3.111079686,1.890088945,3.88122184,0.06
2015-01-31,-3.104084705,0.440175714,0.607593197,0.043670738,1.6999806,0.34355584144540874,-7.496478283,6.978527607,0.043670738,,,,1.75
2015-02-28,5.489250573,5.809170357,3.108370425,0.003492134,-0.632321471,1.2454596689854602,6.465243381,-3.409498208,0.003492134,,,,1.05
2015-03-31,-1.739605607,-1.957347389,-1.402008002,0.008148028,0.681006914,0.4597347336826374,-6.805438295,2.57896934,0.008148028,2.869779881,2.855287088,3.200027321,1.14
2015-04-30,0.852076271,3.734164714,7.71659267,0.034751002,-0.585791363,1.9704922304349726,11.057789689,-6.032104906,0.034751002,,,,0.07
2015-05-31,1.049143855,-1.011935045,-3.985235005,0.014211381,-0.553065428,-0.5360477345410009,-1.986999954,-0.158798903,0.014211381,,,,0.89
2015-06-30,-2.101177286,-2.976719857,-2.520973247,0.015705083,-1.010736546,-1.6924825453943249,-0.112268995,-4.593213804,0.015705083,5.03616305,2.323877845,3.292739427,-0.97
2015-07-31,1.974203993,2.024117182,-6.870416327,0.002160148,1.042186752,0.4100304549133904,-14.102092392,4.708259662,0.002160148,,,,0.82
2015-08-31,-6.258080462,-7.604350431,-9.009880377,0.002741668,-0.211650384,-1.075468621308573,0.29954889,-7.608433444,0.002741668,,,,-0.29
2015-09-30,-2.644281962,-5.320289522,-2.972686322,0.073109132,0.839214652,-1.894908695523645,-6.326606387,2.120104439,0.073109132,-0.463286159,-1.204670567,1.316759043,-0.12
2015-10-31,8.298307839,7.738580379,7.140181406,-0.014279073,0.196758787,3.6989325538725915,0.22944959,5.512374719,-0.014279073,,,,0.99
2015-11-30,0.050496307,-1.72978298,-3.893996538,-0.049402684,0.026372558,-0.057548461939949114,-8.965947219,0.741494621,-0.049402684,,,,0.3
2015-12-31,-1.753019837,-1.420830525,-2.1725115,0.014122029,-0.182608288,-1.503039812073359,-8.629575172,-0.038485592,0.014122029,2.904233614,0.014992129,2.937642297,-0.5
2016-01-31,-5.073534448,-7.272233956,-6.481817916,0.10374073,1.708355484,-0.19868444240883631,-5.17074654,-2.642090572,0.10374073,,,,-0.03
2016-02-29,-0.412835526,-2.092232714,-0.152610049,0.039909991,1.05423539,2.021275832891134,-2.010757985,-1.596638655,0.039909991,,,,1.13
2016-03-31,6.599110872,6.024303943,13.257605929,0.092146177,0.450959266,3.336095047482157,4.930468138,9.805596021,0.092146177,0.889122959,0.737002523,2.227137284,0.72
2016-04-30,0.269936982,2.490609979,0.563442963,0.066622252,-0.169405259,1.9141786703740449,10.140112907,-1.363282858,0.066622252,,,,1.59
2016-05-31,1.532949208,-1.49641691,-3.710476444,-0.006376241,0.52977506,-0.2981785731617004,2.218146797,3.738231065,-0.006376241,,,,-0.05
2016-06-30,0.090607355,-3.560879387,4.095043394,0.142025339,1.930026241,3.731231924339462,0.080159446,6.616890955,0.142025339,2.229318922,2.50483607,1.553578941,1.33
2016-07-31,3.560980723,5.014839609,5.08983577,0.02174909,0.203618929,1.5554904852096874,-9.567942781,4.755315134,0.02174909,,,,1.78
2016-08-31,-0.121917556,-0.209814197,2.518447408,0.017031705,-0.369737364,1.798286240718694,1.769071893,-3.886954085,0.017031705,,,,0.06
2016-09-30,-0.12344826,0.956391501,1.315586915,0.058030197,-0.123667856,0.3390014775720207,4.144628205,-2.011661808,0.058030197,3.883815932,3.61463273,2.893919219,0.68
2016-10-31,-1.942562504,-2.113855964,0.247199359,0.052130795,-1.178606067,-1.464285205120508,-1.49719462,-4.569218345,0.052130795,,,,-0.08
2016-11-30,3.417444677,-2.164230546,-4.596981444,-0.005780118,-1.497402017,-4.165753617450541,2.534969539,-1.616782469,-0.005780118,,,,-0.15
2016-12-31,1.820075404,3.333869628,0.289972581,0.050455087,0.116361671,1.4375477198179887,4.715308041,3.757526371,0.050455087,3.177678184,-0.394620091,1.84050844,1.29
2017-01-31,1.788434137,2.872638661,5.477325391,0.095824574,-0.708186781,1.4364695155125284,-1.412892259,0.008726384,0.095824574,,,,1.07
2017-02-28,3.719826054,1.195597519,3.068867082,0.046340961,0.825580331,2.0757977437416253,0.232380829,3.922167445,0.046340961,,,,1.07
2017-03-31,-0.038923017,2.275234181,2.549386609,-0.011456245,-0.173330101,0.3471655054409384,-3.914606092,-3.362720403,-0.011456245,4.282031162,3.378109103,3.925112247,0.51
2017-04-30,0.90912169,2.271158269,2.209954226,0.061656499,0.508479283,1.6310816105974846,-2.10619004,0.994830358,0.061656499,,,,0.24
2017-05-31,1.157621005,3.073471808,2.977317888,0.045307726,0.299188729,0.8294639605299414,-1.536286866,-2.292670337,0.045307726,,,,-0.22
2017-06-30,0.481383199,-0.363168275,1.074571531,0.068671874,-0.364782354,-0.2565223469011113,-1.921731317,1.175434735,0.068671874,5.191873589,3.068166357,2.757927343,-0.14
2017-07-31,1.934876888,2.852492601,6.041235357,0.11626711,0.122292264,0.657861711824137,4.584772974,0.078322165,0.11626711,,,,1.14
2017-08-31,0.054649233,-0.314309299,2.267888369,0.103639463,0.787161136,1.7273229999585693,-0.77684954,-1.460869565,0.103639463,,,,1.36
2017-09-30,1.930289483,2.22624096,-0.37492934,0.070690874,-0.663584657,-0.013238742682708526,3.32158647,-0.600070597,0.070690874,4.230533415,1.667730083,3.68343117,0.63
2017-10-31,2.218817477,1.455879263,3.51188469,0.071953661,0.302400548,0.17918223264867805,3.818082096,-1.26953125,0.071953661,,,,0.79
2017-11-30,2.808260137,0.878008393,0.206208155,0.04460051,0.164438658,-0.2663918298231094,1.38207464,2.845967089,0.04460051,,,,0.19
2017-12-31,0.983161982,1.518068883,3.641678887,0.087194461,-0.018462251,0.6306522547481874,4.412407914,-0.419672131,0.087194461,4.25245098,3.601030102,3.170028818,0.82
2018-01-31,5.617872465,4.986436733,8.342087199,0.106196139,-0.708693719,-0.19623639511201496,3.419201567,-4.113437816,0.106196139,,,,2.04
2018-02-28,-3.89473796,-4.706130629,-4.597693577,0.058153706,0.035026118,-1.9592032725480268,-3.339627786,-7.073528065,0.058153706,,,,-0.96
2018-03-31,-2.688451377,-2.244741818,-1.83365017,0.14893737,0.856972201,0.3762980188223297,2.221593592,3.690200522,0.14893737,3.296109087,0.219330311,2.788352203,-0.34
2018-04-30,0.2718801,1.893816409,-0.423886965,0.122025376,-0.390585744,-1.4623617485634788,5.037083705,2.062149577,0.122025376,,,,0.76
2018-05-31,2.160835332,-2.812987867,-3.5194703,0.176333918,0.132665993,-1.083944227988709,1.447269552,5.600558659,0.176333918,,,,-0.04
2018-06-30,0.48424002,-1.385965447,-4.088302584,0.159991797,0.208891662,-1.0045964599810775,1.35521233,3.306440947,0.159991797,3.855520404,2.515736379,0.101005243,0.0
2018-07-31,3.602158647,2.420950389,2.284867451,0.164448695,-0.281149741,2.0604820773191257,-3.530598807,-0.661460334,0.164448695,,,,0.45
2018-08-31,3.026321863,-2.194000717,-2.67458023,0.19078474,-0.002965545,-1.9225650682635043,1.077322949,2.568949222,0.19078474,,,,-0.05
2018-09-30,0.429430092,0.588886698,-0.497559284,0.127190515,-0.452016334,1.767831917471674,3.928725898,-3.057463562,0.127190515,3.414345511,1.573650503,2.347203536,0.3
2018-10-31,-6.940335898,-8.027563537,-8.699829878,0.185328035,0.01386635,-2.230714279853474,-5.843340818,-5.448025577,0.185328035,,,,-0.22
2018-11-30,1.78593818,-0.308685902,4.128167789,0.205485312,0.485688228,-0.39260563865096687,-11.280937588,4.103267078,0.205485312,,,,-0.54
2018-12-31,-9.177695577,-4.956242287,-2.588790511,0.240180933,1.232551121,1.4610126101348264,-7.751881515,-10.235702059,0.240180933,-0.046621035,-1.423166997,1.375554564,-0.22
2019-01-31,7.868440473,6.466568802,8.763430245,0.250613477,0.593199449,4.418508755403527,8.988826255,12.498166349,0.250613477,,,,2.31
2019-02-28,2.972893014,2.327808801,0.23398575,0.192359327,-0.134061524,0.6217298264924898,3.81335271,-0.982309732,0.192359327,,,,0.44
2019-03-31,1.792428775,0.091420254,0.858730062,0.252466872,1.521067911,1.4521867703454427,1.609192359,2.045564286,0.252466872,3.394322302,2.865090968,2.306249566,0.46
2019-04-30,3.931343494,2.45605098,2.124068189,0.199964731,-0.314053202,0.12013137154871512,2.849165474,-0.864627694,0.199964731,,,,0.55
2019-05-31,-6.577772648,-5.417704582,-7.224581663,0.24678931,1.384804955,0.5729454025888092,-8.213451324,-2.889872429,0.24678931,,,,0.41
2019-06-30,6.893018321,5.772489985,6.322295159,0.311719014,1.016204836,3.0446314732281987,4.430431355,0.764075067,0.311719014,4.119504593,1.387709982,1.817441097,2.27
2019-07-31,1.312819537,-1.309827683,-1.139953171,0.135973075,0.618141526,1.1500084936411525,-0.21178322,0.532127178,0.135973075,,,,0.25
2019-08-31,-1.809165274,-2.875092036,-4.847081933,0.279564433,2.253340041,0.5479670672325687,-5.622822097,2.064311235,0.279564433,,,,0.88
2019-09-30,1.718116769,2.538782609,1.941920771,0.152602283,-0.663674482,-0.36034063661680715,1.749143583,3.379575608,0.152602283,2.424325974,1.049413964,1.342639932,-0.26
2019-10-31,2.043174748,3.499690617,4.227365587,0.274265574,-0.515265085,0.3709167037313277,1.244666937,2.307595836,0.274265574,,,,0.81
2019-11-30,3.404706409,0.971161474,-0.131018957,0.097846743,-0.421679294,-0.164265732636526,-0.012505799,-1.221754587,0.097846743,,,,0.12
2019-12-31,2.858980318,3.163913677,7.526389768,0.157766819,-0.638707374,1.876590830531355,6.987942159,0.591544635,0.157766819,4.44931549,1.762971812,2.958982233,2.05
2020-01-31,-0.162808981,-2.122095558,-4.657580173,0.173183977,1.930980571,1.7403825752630553,-10.824924639,-0.773121684,0.173183977,,,,0.43
2020-02-29,-8.411046901,-9.229072998,-5.267625824,0.296194819,1.425026067,-0.8132961158246799,-8.389239967,-8.645198724,0.296194819,,,,-0.79
2020-03-31,-12.511932084,-13.820951095,-15.377139242,0.562573869,0.009193639,-13.34832262701614,-29.425369109,-27.18776936,0.562573869,-7.142594161,-7.550742199,-4.806237883,-2.32
2020-04-30,12.684410293,6.289921835,9.176800691,0.037910151,0.644429609,3.136070287523296,-9.671541273,7.900311526,0.037910151,,,,3.51
2020-05-31,4.528177501,4.066071231,0.789326129,0.000309986,-0.044106635,5.735229341901493,16.373108355,0.675597644,0.000309986,,,,2.05
2020-06-30,1.838840328,3.216127965,7.402623708,0.023713853,0.21183459,2.9119311509358425,5.090703987,2.638371093,0.023713853,9.153086713,4.941836651,0.125327306,1.5
2020-07-31,5.510129698,2.225924658,9.025654539,0.025257788,0.821702183,3.320757664771401,3.796606473,1.508801341,0.025257788,,,,3.35
2020-08-31,7.006468732,4.932416415,2.235188882,0.018047787,-0.978804349,0.6607339261152756,4.58509779,0.440407377,0.018047787,,,,1.16
2020-09-30,-3.92279541,-2.862302803,-1.580618781,0.016108422,0.717154117,-1.654864144610202,-3.639340457,-4.932858317,0.016108422,10.476034799,4.387111883,2.675518004,-1.41
2020-10-31,-2.766577461,-4.055140758,2.075700159,0.004491048,-0.120705767,-0.11959887265693414,-3.574683955,-2.652061113,0.004491048,,,,-0.47
2020-11-30,10.754565805,15.378185289,9.254854462,0.022763946,0.145274453,3.7495130458467862,12.040548153,17.29345573,0.022763946,,,,3.75
2020-12-31,3.712140666,4.562011404,7.398700144,-0.001161161,0.04256883,1.7946174015907035,5.970731686,3.438525625,-0.001161161,12.188666217,4.97859373,4.218913271,3.58
2021-01-31,-1.113664016,-1.093347947,3.092000077,0.032745134,-0.666514815,-1.2131516785007457,4.944118607,-0.903055745,0.032745134,,,,-0.2
2021-02-28,2.609147497,2.110188844,0.770349904,0.013155675,-1.82849214,-2.563857092643751,10.582407656,5.659819713,0.013155675,,,,1.76
2021-03-31,4.243863401,1.818991771,-1.485643844,0.018570275,-0.345444687,-1.037731240727624,-2.154036328,2.382284382,0.018570275,10.461452792,5.424561903,3.281530685,0.3
2021-04-30,5.242581597,2.725775297,2.50327398,0.001083065,-0.019798149,1.9123995867658783,8.230593648,6.666363098,0.001083065,,,,2.07
2021-05-31,0.548578246,2.886609021,2.342180808,0.015085383,0.104995858,1.0829856511020752,2.521696003,0.943436499,0.015085383,,,,1.53
2021-06-30,2.221421947,-1.245869645,0.206118543,-0.008199023,0.493934565,0.8895991177464202,4.292931523,0.5159435,-0.008199023,12.589546299,5.444440691,5.931843462,0.01
2021-07-31,2.274857475,0.701603128,-6.671259994,0.00881854,1.370844467,0.5418403878964195,1.574259381,3.870750589,0.00881854,,,,-0.53
2021-08-31,2.898985316,1.522143556,2.648984792,0.011757017,-0.055172225,0.9116398822327065,-2.301749088,0.182274789,0.011757017,,,,0.32
2021-09-30,-4.756936153,-3.188272268,-3.938929832,0.002165512,-1.360197986,-1.961686897399173,6.033314029,-4.047224356,0.002165512,3.716271945,4.37032409,7.818167933,0.08
2021-10-31,6.914388935,2.377607855,1.000998582,-0.003170859,-0.29480275,0.05976507485645488,5.797060094,6.286870049,-0.003170859,,,,1.1
2021-11-30,-0.833351609,-4.788003852,-4.066916028,-0.011601072,1.117412396,-1.4496357975388618,-10.823592793,-1.482714875,-0.011601072,,,,-0.83
2021-12-31,4.361287497,5.052990571,1.924662066,-0.039370871,-0.909158461,1.4258590780264369,7.59180717,8.144869215,-0.039370871,7.074207034,4.247187217,7.364581304,1.05
2022-01-31,-5.25848793,-4.863618358,-1.885369027,-0.09223686,-1.382581852,-2.889098962030112,11.633689236,-6.117436928,-0.09223686,,,,0.8
2022-02-28,-3.136051392,-1.950606091,-2.976999916,-0.052357116,-1.354679059,-5.504741566830706,8.773832303,-1.375346809,-0.052357116,,,,1.15
2022-03-31,3.577300197,0.116196878,-2.22390902,-0.119957503,-1.816647549,-1.1161596722066958,9.633333442,4.091146566,-0.119957503,0.046683855,1.332528417,4.495975722,2.92
2022-04-30,-8.795671915,-6.780775243,-5.547509859,-0.044844128,-2.58327237,-5.480327231723803,5.119661537,-5.432222694,-0.044844128,,,,0.12
2022-05-31,0.005275985,0.205184783,0.465322495,0.137852772,-0.643569403,0.18907047870888594,5.069725889,-5.221686944,0.137852772,,,,0.21
2022-06-30,-8.391954983,-9.401396709,-6.5626621,-0.239204965,-1.256046692,-5.537427748554213,-7.643201413,-10.656902865,-0.239204965,-2.126305743,-1.297569056,1.469427697,-1.66
2022-07-31,9.111608346,4.927519642,-0.16187558,0.117713697,2.146751149,3.1970210420056544,-0.042276879,9.531845138,0.117713697,,,,0.38
2022-08-31,-4.243988738,-4.994553062,0.454970898,0.067285664,-2.896677414,-1.1686497921847172,-2.678561946,-7.412624351,0.067285664,,,,0.89
2022-09-30,-9.339570164,-9.726700109,-11.673504525,-0.066309757,-3.039854764,-6.072005265749736,-7.801228633,-11.928306551,-0.066309757,-1.8203489,1.713579084,-0.273763785,-0.02
2022-10-31,7.986345458,5.327871149,-3.09164685,0.115634031,-0.423572296,0.07831389074453021,6.704914012,5.354925776,0.115634031,,,,0.44
2022-11-30,5.375286029,11.087004448,14.84715868,0.31929292,1.904185174,6.94973988693337,-1.705461653,3.837679971,0.31929292,,,,-0.1
2022-12-31,-5.89714493,-0.005222767,-1.351439857,0.399487852,-1.95762975,0.3801581884526506,-1.379871847,-6.360406592,0.399487852,2.239267189,3.05679384,1.491117246,0.22
2023-01-31,6.17528324,8.051223299,7.905639405,0.357723652,1.998480727,3.1081570770473688,-0.08744867,10.744585551,0.357723652,,,,1.04
2023-02-28,-2.611244665,-2.225523748,-6.476745491,0.219329358,-1.564426685,-2.20460809155385,-3.825913875,-5.590978302,0.219329358,,,,-0.7
2023-03-31,3.505132048,1.894627978,3.071759344,0.594795823,2.376119876,1.3995266496749315,-1.073716613,-4.374779497,0.594795823,2.112501214,2.909948879,-0.235135011,-0.07
2023-04-30,1.46426078,2.44894961,-1.114248507,0.274530506,0.213300527,0.5045240012347962,-0.758558573,-0.748431982,0.274530506,,,,0.08
2023-05-31,0.248184426,-4.759613035,-1.65072692,0.250353318,-0.552484663,-0.8891245386136837,-6.107333178,-3.589825288,0.250353318,,,,0.1
2023-06-30,6.472778306,4.403826298,3.891853471,0.399888855,-0.358676195,1.9268447943649347,4.390520857,5.12255577,0.399888855,2.391221616,2.449642448,0.050834925,1.18
2023-07-31,3.113937038,3.172984019,6.29333844,0.443231235,-0.349828957,1.6083817355381225,10.735608131,2.247838617,0.443231235,,,,1.05
2023-08-31,-1.771664654,-4.101478884,-6.131165703,0.43698327,-0.23880824,-1.3958004192843099,0.596866812,-4.422465922,0.43698327,,,,-0.53
2023-09-30,-4.871906932,-3.693312947,-2.574967159,0.42158191,-1.795069065,-2.810481089507111,4.115841212,-7.806551928,0.42158191,2.118565322,2.287168147,-0.81910422,0.0
2023-10-31,-2.197968261,-4.103168147,-3.874454513,0.447740507,-0.665192266,-1.4541239968122621,-4.184749643,-4.169816807,0.447740507,,,,-0.59
2023-11-30,8.917924336,9.08637108,8.019781689,0.529541744,2.942068495,5.793309717908479,-3.644865771,9.297244811,0.529541744,,,,1.87
2023-12-31,4.422850295,5.23564988,3.946054438,0.246780948,2.89012503,4.805236493559106,-3.309050208,7.978900611,0.246780948,,,,2.25
2024-01-31,1.589575138,0.538559887,-4.634086861,,-0.493185215,-1.1778158395459926,4.466435027,-6.083200494,,,,,-0.12
2024-02-29,3.300322269,0.400645865,4.190461895,,-1.139555645,-0.2925345204686458,0.86477423,0.224485326,,,,,
