date,US Equities,Non-US Developed Equities,Emerging Markets Equities,Commodity,REITs,US Fixed Income,Emerging Markets Fixed Income,Cash,Event Driven,Global Macro,Hedged Equity,Long/Short Credit,Multi-Strategy
3/31/84,,,,4.90946715,,-1.122391715,,,,,,,
4/30/84,,,,-1.124315795,,-0.196068314,,,,,,,
5/31/84,,,,2.903845195,,-3.117406814,,,,,,,
6/30/84,,,,-2.25970218,,1.280683031,,,,,,,
7/31/84,,,,-6.71641791,,4.49947313,,,,,,,
8/31/84,,,,4.292358804,,1.683977009,,,,,,,
9/30/84,,,,-0.784913354,,2.375049583,,,,,,,
10/31/84,,,,0.457207439,,4.24274713,,,,,,,
11/30/84,,,,0.379698287,,1.788784091,,,,,,,
12/31/84,,,,-1.991925316,,1.460653643,,,,,,,
1/31/85,,,,1.261809156,,2.276408134,,,,,,,
2/28/85,,,,-1.312817617,,-2.045394563,,,,,,,
3/31/85,,,,4.32244054,,2.038708519,,,,,,,
4/30/85,,,,-3.23465254,,2.068388857,,,,,,,
5/31/85,,,,-0.010305294,,5.225714655,,,,,,,
6/30/85,,,,-2.914122285,,1.057160418,,,,,,,
7/31/85,,,,-2.247876858,,-0.348700483,,,,,,,
8/31/85,,,,1.497298618,,1.879806323,,,,,,,
9/30/85,,,,5.686848828,,0.603059228,,,,,,,
10/31/85,,,,7.241113122,,2.096069869,,,,,,,
11/30/85,,,,1.740556742,,2.402986235,,,,,,,
12/31/85,,,,-1.809366954,,3.056652491,,,,,,,
1/31/86,,,,-9.072975974,,0.556353856,,,,,,,
2/28/86,,,,-3.484157606,,3.942547267,,,,,,,
3/31/86,,,,-0.222087624,,3.105611957,,,,,,,
4/30/86,,,,5.633346823,,0.529932647,,,,,,,
5/31/86,,,,-3.754501571,,-1.911304584,,,,,,,
6/30/86,,,,3.781546055,,2.617710284,,,,,,,
7/31/86,,,,0.965275647,,0.885224854,,,,,,,
8/31/86,,,,8.585430095,,2.485012894,,,,,,,
9/30/86,,,,-2.527084232,,-0.986895853,,,,,,,
10/31/86,,,,1.052833078,,1.445592264,,,,,,,
11/30/86,,,,3.027325251,,1.398965416,,,,,,,
12/31/86,,,,-0.726261477,,0.375397055,,,,,,,
1/31/87,,,,5.720635729,,1.409666283,,,,,,,
2/28/87,,,,-6.004532963,,0.693459417,,,,,,,
3/31/87,,,,8.078325393,,-0.450774769,,,,,,,
4/30/87,,,,5.023603716,,-2.742052137,,,,,,,
5/31/87,,,,4.617058178,,-0.391218597,,,,,,,
6/30/87,,,,3.573600675,,1.376265905,,,,,,,
7/31/87,,,,4.462755126,,-0.076844262,,,,,,,
8/31/87,,,,-2.025440402,,-0.5351192,,,,,,,
9/30/87,,,,0.737532736,,-2.129441706,,,,,,,
10/31/87,,,,1.051809664,,3.561553654,,,,,,,
11/30/87,,,,-0.020908141,,0.800966245,,,,,,,
12/31/87,,,,-2.777727264,,1.362174434,,,,,,,
1/31/88,,,9.84,2.657888092,,3.515211846,,,,,,,
2/29/88,4.661459648,,0.336853605,-1.105047873,,1.187041712,,,,,,,
3/31/88,-3.089340384,,10.74312676,5.041637496,,-0.938493065,,,,,,,
4/30/88,1.105877848,,5.333879558,3.099211604,,-0.539649228,,,,,,,
5/31/88,0.865027004,,2.994710641,3.531723416,,-0.672192916,,,,,,,
6/30/88,4.589181517,,3.398534854,-2.793410837,,2.412600146,,,,,,,
7/31/88,-0.379473261,,-2.541815791,0.591640958,,-0.524491066,,,,,,,
8/31/88,-3.394753628,,-2.675560219,-0.675545099,,0.262138814,,,,,,,
9/30/88,4.260502039,,6.476205144,-2.73071034,,2.263949135,,,,,,,
10/31/88,2.784377147,,-0.643668185,4.840715584,,1.88262638,,,,,,,
11/30/88,-1.425140112,,-0.429465716,5.746211084,,-1.214782708,,,,,,,
12/31/88,1.744498121,,2.661013232,7.311964605,,0.112580105,,,,,,,
1/31/89,7.322745005,,-1.260414441,0.411558733,,1.438828177,,,,,,,
2/28/89,-2.492125195,,7.644598298,4.301106581,,-0.724843661,,,,,,,
3/31/89,2.332939756,,9.969181294,6.746796214,,0.432355047,,,,,,,
4/30/89,5.192161845,,18.97770196,3.175879791,,2.092598928,,,,,,,
5/31/89,4.045760132,,1.346715142,-1.278273159,,2.62775761,,,,,,,
6/30/89,-0.56708312,,-12.13116411,3.496732446,,3.044815107,,,,,,,
7/31/89,9.028882178,,6.572365016,-2.809807655,,2.125693161,,,,,,,
8/31/89,1.954957047,,2.325455919,3.474353983,,-1.481577246,,,,,,,
9/30/89,-0.405624082,,12.60216188,5.956147655,,0.511784158,,,,,,,
10/31/89,-2.322065541,,1.400140482,-0.703758033,,2.462333864,,,,,,,
11/30/89,2.039349391,,-4.659647178,1.613290891,,0.953109072,,,,,,,
12/31/89,2.401548132,,12.20634536,9.132027577,,0.267582168,,,,,,,
1/31/90,-6.713625665,,3.289445284,-0.437715422,,-1.188318228,,,-5.69,-1.23,-3.34,,-2.11
2/28/90,1.288054453,,3.924436829,-0.326544049,,0.323583367,,,1.69,0.48,2.85,,1.54
3/31/90,2.649821839,,-13.53253438,0.73193729,,0.073650794,,,4.92,3.54,5.67,,3.21
4/30/90,-2.494760123,,7.213617971,-1.048679235,,-0.916150645,,,1.16,-0.74,-0.87,,-0.04
5/31/90,9.750492385,,8.216206837,-0.738595066,,2.96083805,,,1.93,3.98,5.92,,3.05
6/30/90,-0.674604857,,3.455463802,-1.547945943,,1.604517525,,,1.37,1.65,2.52,,2.1
7/31/90,-0.320700059,,8.818970862,8.253534221,,1.383312114,,,1.14,3.83,2,,1.5
8/31/90,-9.039064618,,-12.75815411,16.58928905,,-1.335458475,,,-4.53,-3.78,-1.88,,-3.45
9/30/90,-4.866550589,,-12.77090731,22.93996577,,0.827295868,,,-2.78,-0.98,1.65,,-1.96
10/31/90,-0.425888975,,-1.857570653,-6.051591847,,1.269602369,,,-1.6,2.6,0.77,,-0.04
11/30/90,6.464117588,,-5.215733015,-6.564074476,,2.15259966,,,0.8,1.14,-2.29,,0.75
12/31/90,2.785685488,,4.225139581,-1.964185337,,1.558136806,,,1.63,1.71,1.02,,1.35
1/31/91,4.355015473,,8.083586699,-9.387675699,,1.236165346,,,1,-0.25,4.9,,2.59
2/28/91,7.151516636,,14.79282015,1.39048653,,0.853608436,,,4.42,6.31,5.2,,4.02
3/31/91,2.421584814,,4.111400677,3.764175449,,0.687969585,,,3.37,6.85,7.22,,4.95
4/30/91,0.236632564,,1.053575432,2.265058647,,1.083340825,,,3.06,-1.68,0.47,,1.34
5/31/91,4.314089465,,7.845312038,-0.051210117,,0.584782319,,,2.85,0.01,3.2,,1.98
6/30/91,-4.581388825,,-3.572163181,-2.367884598,,-0.050843336,,,0.24,2.62,0.59,,0.41
7/31/91,4.660927577,,5.183447099,5.105745826,,1.386738621,,,2.33,2.43,1.41,,2.62
8/31/91,2.36920374,,2.109105658,1.541718139,,2.164001658,,,1.26,6.7,2.17,,2.06
9/30/91,-1.673503877,,-3.833167825,0.789246944,,2.026348942,,,1.48,5.96,4.3,,2.32
10/31/91,1.344474125,,4.078893019,2.868322662,,1.113389979,,,2.34,2.33,1.16,,1.83
11/30/91,-4.029257964,,-1.484935675,-4.038972776,,0.916918492,,,0.52,0.75,-1.08,,0.27
12/31/91,11.43655851,,11.23606822,-7.078592966,,2.969829973,,,1.69,7.44,5.02,,3.95
1/31/92,-1.863507364,,11.57688245,2.74902919,,-1.360422269,,,4.21,2.8,2.49,,3.84
2/29/92,1.295105622,,4.441318872,-1.096562282,,0.650619926,,,2.13,0.34,2.9,,2.14
3/31/92,-1.944855526,,3.38487038,1.117564774,,-0.563355415,,,1.59,0.32,-0.28,,0.59
4/30/92,2.936098972,,-0.696392786,2.996419277,,0.721540492,,,0.33,1.12,0.27,,0.3
5/31/92,0.490186809,,-0.358205943,2.686751756,,1.887060801,,,1.01,6.99,0.85,,1.84
6/30/92,-1.487725187,,-9.918987342,-0.55125716,,1.375969122,,,0.11,0.87,-0.92,,-0.41
7/31/92,4.085204868,,1.087628576,-1.393472503,,2.04111792,,0.333,1.22,1.71,2.76,,2.08
8/31/92,-2.046557608,,-4.662348133,0.104519646,,1.012232545,,0.269103884,0.24,-1.06,-0.85,,-0.27
9/30/92,1.175030892,,0.341187449,1.146634407,,1.186367043,,0.300189855,1.36,2.28,2.51,,1.94
10/31/92,0.345480991,,5.350344387,-2.198736613,,-1.326645407,,0.225955106,0.96,4.66,2.03,,2.11
11/30/92,3.405075268,,-1.07862069,-1.278725855,,0.022839892,,0.223468106,1.71,3.13,4.51,,2.8
12/31/92,1.227231723,,2.939289997,0.225136564,,1.590288254,,0.296964256,3.12,1.37,3.38,,2.53
1/31/93,0.836087713,,0.484924011,1.212488405,,1.91774115,,0.262640173,3.07,0.91,2.09,,2.32
2/28/93,1.362917815,,1.676911463,1.161798935,,1.749221004,,0.222708409,1.63,5.17,-0.57,,1.34
3/31/93,2.109924894,,3.306464443,2.084132516,,0.4182657,,0.274095973,3.85,5.54,3.26,,3.06
4/30/93,-2.417121944,,2.299735633,-1.07447961,,0.695505952,,0.239178398,1.21,2.69,1.3,,1.49
5/31/93,2.675073526,,2.787465188,-2.782658453,,0.126775216,,0.214259975,1.88,2.99,2.72,,2.6
6/30/93,0.292870634,,2.96328842,-3.129582767,,1.812119895,,0.288632543,2.99,7.15,3.01,,2.62
7/31/93,-0.402241617,,2.643307572,-0.864635424,,0.565471848,,0.25291678,2.1,3.71,2.12,,2.09
8/31/93,3.794301472,,8.444003049,0.823222145,,1.753883238,,0.266777502,2.79,3.71,3.84,,2.93
9/30/93,-0.766893612,,3.656848338,0.254708326,,0.274562297,,0.262211639,0.87,-0.66,2.52,,1.58
10/31/93,2.06857333,,8.972673105,-3.592998479,,0.37317969,,0.233642613,1.68,4.8,3.11,,3.18
11/30/93,-0.953129493,,4.425212587,-5.015461779,,-0.850164578,,0.259957026,0.16,-0.01,-1.93,,0.15
12/31/93,1.20901758,,16.5282392,-1.881182655,,0.541972177,,0.280331806,2.95,7.88,3.59,,3.91
1/31/94,3.399723443,,1.820632805,8.142115151,,1.350178301,,0.249971377,3.51,2.11,2.35,,2.5
2/28/94,-2.714225266,,-1.778947849,-2.174255075,,-1.737362514,,0.216989931,-0.49,-6.4,-0.4,,-0.55
3/31/94,-4.359689614,,-9.049640555,-1.190511588,,-2.465729251,,0.274448728,-0.55,-3.43,-2.08,,-1.51
4/30/94,1.282346786,,-1.999897791,2.618985525,,-0.798459759,,0.261385914,-0.7,-1.2,-0.37,,-0.59
5/31/94,1.641139753,,3.422621634,1.487870179,,-0.013818997,,0.330603493,0.94,2.25,0.41,,0.68
6/30/94,-2.451228822,,-2.756395173,2.459918519,,-0.221274831,,0.359641112,1.12,0.15,-0.41,,0.27
7/31/94,3.283741633,,6.216944934,1.721577227,,1.986837153,,0.317076145,1.56,0.71,0.91,,1.35
8/31/94,4.099950898,,12.41233423,-6.739897106,,0.123441895,,0.373116882,1.81,2.6,1.27,,2.46
9/30/94,-2.445409269,,1.136314289,-0.941021427,,-1.471661099,,0.365208318,0.41,-0.12,1.32,,0.89
10/31/94,2.246633306,,-1.803400698,0.450586854,,-0.089594087,,0.410292589,-0.4,-0.11,0.4,,-0.03
11/30/94,-3.641867617,,-5.200559701,-3.274484172,,-0.221702891,,0.375335121,-1.27,0.39,-1.48,,-1.27
12/31/94,1.483332778,,-8.030442804,3.385523664,,0.691456006,,0.476164162,0,-0.98,0.74,,-0.08
1/31/95,2.593359897,,-10.63911597,-2.484940713,,1.97911697,,0.461074496,2.04,-0.87,0.3,,-0.22
2/28/95,3.897093806,,-2.564870073,0.8077075,,2.377288467,,0.450746378,1.27,1.45,1.68,,1.31
3/31/95,2.950806368,,0.63553627,1.361884546,,0.613081063,,0.483240985,0.69,1.4,2.09,,1.65
4/30/95,2.944661132,,4.485528399,3.062125144,,1.397381476,,0.451085679,2.11,0.78,2.64,,2.1
5/31/95,3.996718758,,5.319187788,-0.844383814,,3.869669477,,0.530952745,1.84,2.54,1.22,,1.7
6/30/95,2.322753659,,0.296478666,-1.784140989,,0.73294576,,0.48518051,1.48,0.47,4.73,,2.48
7/31/95,3.31625502,,2.243811368,2.611495468,,-0.223123957,,0.467693514,1.98,3.93,4.46,,3.2
8/31/95,0.251434405,,-2.355188855,2.119830872,,1.20564777,,0.483250279,2.14,5.59,2.93,,2.2
9/30/95,4.22022242,,-0.474434229,0.42233531,,0.973527772,,0.429745065,1.85,3.22,2.9,,1.96
10/31/95,-0.357451445,,-3.827484821,1.006494624,,1.300165829,,0.481504261,0.09,0.41,-1.44,,-0.65
11/30/95,4.389853735,,-1.783679155,2.699624127,,1.498182898,,0.434600115,5.01,3.63,3.43,,1.89
12/31/95,1.92618721,,4.435194224,10.22722043,,1.404022462,,0.48582996,2.19,3.63,2.56,,2.08
1/31/96,3.403633065,,7.107458422,-0.161634992,,0.663326771,,0.454021644,3.89,5.28,1.06,,2.89
2/29/96,0.927142744,,-1.588974329,4.008647551,,-1.737789616,,0.38986691,1.45,-3.77,2.82,,1.23
3/31/96,0.962528856,,0.778034334,6.50038869,,-0.695399054,,0.381479349,1.88,0.37,1.9,,1.46
4/30/96,1.474376119,,3.997941259,5.773153447,,-0.562126469,,0.460486335,2.62,3.11,5.34,,3.96
5/31/96,2.578933323,,-0.445409409,-0.789649025,,-0.202503535,,0.428555606,3.53,-0.08,3.7,,3.05
6/30/96,0.381492305,,0.623797306,3.879741214,,1.343262571,,0.409759574,0.43,-1.06,-0.73,,0.18
7/31/96,-4.418022408,,-6.833575037,-4.732412508,,0.273589633,1.074268313,0.45709168,-0.5,-3.04,-2.87,,-2.08
8/31/96,2.109426919,,2.558970938,3.220382227,,-0.167493902,3.171813541,0.421369577,2.42,0.73,2.63,,2.28
9/30/96,5.628483874,,0.865620361,3.546558597,,1.741439141,5.848475016,0.458965318,1.97,2.01,2.18,,2.07
10/31/96,2.758079838,,-2.667173755,-0.247540454,,2.216169102,0.827649628,0.431023702,0.97,1.58,1.56,,0.98
11/30/96,7.558693263,,1.676774884,8.32178524,,1.712893148,4.925134909,0.41008102,2.03,4.72,1.66,,2.08
12/31/96,-1.981482398,,0.45112782,0.964431159,,-0.929952832,1.08656284,0.44312902,1.78,-0.49,0.83,,1.33
1/31/97,6.247541449,,6.821357285,-1.470003739,,0.305753603,3.038337513,0.435412448,2.84,5.14,2.78,,3.17
2/28/97,0.783741791,,4.283645537,-6.893793334,,0.248470521,1.627373253,0.382714734,0.93,1.59,-0.24,,1.03
3/31/97,-4.108822833,,-2.627963925,1.686756137,,-1.1083249,-3.332649011,0.422891665,-0.53,-1.24,-0.73,,-1.64
4/30/97,5.969847463,,0.177881372,2.313386501,,1.498006773,2.937845108,0.46094563,-0.83,-0.22,-0.27,,-0.11
5/31/97,6.088351173,,2.860947832,0.715237775,,0.945117292,3.390413314,0.467732146,4.36,1.83,5.04,,4.38
6/30/97,4.48020359,,5.352917541,-5.410067343,,1.187332449,2.188373021,0.371316037,2.65,1.82,1.97,,2.7
7/31/97,7.956750389,,1.491651835,4.09693885,,2.695386914,4.133307297,0.433338148,2.72,5.9,5.05,,3.87
8/31/97,-5.602182004,,-12.72512178,2.529059959,,-0.852067837,-0.481310164,0.425076306,0.52,-1.25,1.35,,0.34
9/30/97,5.476642994,,2.771620393,2.52931206,,1.475206764,2.769926512,0.472606336,3.59,3.05,5.69,,3.72
10/31/97,-3.339722982,,-16.4093413,2.751252937,,1.450606485,-10.59161472,0.404656319,0.45,-1.6,0.39,,-1.53
11/30/97,4.62928161,,-3.647670317,-9.859484237,,0.460292824,4.238157085,0.397504555,1.36,-0.25,-0.93,,-0.93
12/31/97,1.71738055,,2.408245834,-6.757496095,,1.006291115,2.446062037,0.468989355,1.49,2.93,1.42,,0.88
1/31/98,1.106056614,,-7.841219076,-1.611711673,,1.283659589,0.480092178,0.439433272,0.25,0.2,-0.16,,-0.71
2/28/98,7.212498508,,10.437463,-6.598435478,,-0.075274733,2.64381729,0.382238,3.36,1.9,4.09,,3.27
3/31/98,5.120872516,,4.338262477,-0.519375469,,0.344056577,2.271598808,0.459110473,2.93,5.05,4.54,,3
4/30/98,1.00606251,,-1.089517601,-2.726752626,,0.522303866,0.230610511,0.455468322,0.31,-0.13,1.39,,0.96
5/31/98,-1.718778514,,-13.70361083,-4.717795385,,0.948134335,-3.021312667,0.404988972,-1.19,0.08,-1.27,,-2.08
6/30/98,4.061888653,,-10.48961209,-3.545559727,,0.848323489,-2.534806768,0.437797542,0.31,0.57,0.5,,-0.13
7/31/98,-1.06485154,,3.169708072,-7.860829484,,0.212215761,0.582922298,0.423696524,-0.57,0.23,-0.67,,-0.79
8/31/98,-14.45775597,,-28.91401088,-5.901703534,,1.627655179,-27.34046618,0.437844319,-8.9,-3.7,-7.65,,-8.7
9/30/98,6.406110934,,6.345442474,10.22065167,,2.341152893,8.642299939,0.488066546,-0.62,-0.5,3.16,,0.69
10/31/98,8.134152387,,10.53038411,-4.690987017,,-0.527585603,6.389673255,0.339084997,1.25,-1.83,2.47,,1.22
11/30/98,6.060796373,,8.316746463,-12.16744498,,0.566356293,6.855236217,0.345432202,2.43,1.98,3.84,,3.71
12/31/98,5.762491173,,-1.574879315,-1.721138039,,0.300703204,-1.937406855,0.388300216,2.73,2.44,5.39,,2.79
1/31/99,4.181626696,-0.379304002,-1.499934046,0.436497277,,0.714275773,-2.272398321,0.345886921,1.65,0.81,4.98,,2.24
2/28/99,-3.107891018,-2.44250252,0.979684447,-4.606408176,,-1.745989507,0.984893365,0.324680138,-0.48,-1.24,-2.41,,-1.32
3/31/99,4.000873905,4.381321514,13.26067532,16.89264568,,0.554841174,6.629023979,0.420422639,2.06,1.07,4.05,,3.14
4/30/99,3.872520615,4.11084162,12.38743825,4.13268866,,0.316978032,6.148132866,0.365685863,5.13,3.86,5.25,,4.5
5/31/99,-2.361356749,-4.943141144,-0.527281282,-5.456896304,,-0.876249248,-5.163589245,0.382681114,2,-0.9,1.22,,0.72
6/30/99,5.549774737,4.014128972,11.34538668,6.431665458,,-0.319370785,3.839322312,0.39217691,2.93,2.16,3.8,,3.63
7/31/99,-3.122475235,2.940255684,-2.762913573,3.587372795,,-0.424828131,-1.664473684,0.357909286,0.81,0.46,0.61,,0.52
8/31/99,-0.494747114,0.415682773,0.95035791,7.038140963,,-0.050798625,0.066903057,0.401574404,-0.78,-0.55,0.04,,-0.01
9/30/99,-2.741387563,1.023260864,-3.412064316,5.304061385,,1.160430857,3.142341379,0.40935377,1.62,1.08,0.35,,0.16
10/31/99,6.328067938,3.670590852,2.121736706,-5.15712608,,0.368928278,3.539249368,0.377486015,0.42,-0.75,2.33,,1.6
11/30/99,2.032804736,3.43672659,8.9782553,4.046411135,,-0.006946359,2.679521693,0.416896485,3.38,3.83,6.76,,5.06
12/31/99,5.889611553,8.921683661,12.76250029,4.223763878,,-0.482172877,4.62166941,0.434425937,3.39,6.82,10.88,,7.65
1/31/00,-5.024244081,-6.420695095,0.570005209,7.230600667,2.22E-14,-0.327147955,-1.538551198,0.424734009,0.74,1.14,0.25,,0.64
2/29/00,-1.892948919,2.672527443,1.358067725,6.247531809,-2.352941176,1.209207536,5.374371116,0.432839199,3.76,3.67,10,,6.16
3/31/00,9.782888644,4.009272665,0.575544427,-1.160665086,2.409638554,1.31658107,2.718642925,0.473226106,0.03,-2.27,1.73,,0.93
4/30/00,-3.008584896,-5.185576287,-9.449889524,-0.910928773,5.882352941,-0.2853737,-1.842839175,0.452073229,-1.48,-3.68,-4.19,,-2.85
5/31/00,-2.051702347,-2.267243102,-4.168827381,11.19744922,1.111111111,-0.045909565,-2.311977716,0.570746785,-0.77,-1.54,-2.44,,-1.96
6/30/00,2.465305842,3.975522656,3.379752548,7.126656974,4.395604396,2.080337078,4.659252923,0.41695863,2.92,1.24,4.85,,3.68
7/31/00,-1.563400939,-4.219069094,-5.161082087,-7.679780545,7.368421053,0.907677769,2.855274629,0.471880614,0.15,0.05,-1.58,,-0.6
8/31/00,6.211441912,0.911126776,0.432313539,15.40870327,-3.921568627,1.449679732,3.189235007,0.512986254,2.01,1.73,5.35,,3.81
9/30/00,-5.279333529,-4.858557094,-8.736232532,-1.369030867,3.06122449,0.628599184,-1.078139439,0.509683996,0.63,-2.19,-1.08,,-1.24
10/31/00,-0.422794534,-2.417715425,-7.252830864,0.225295369,-4.95049505,0.660826492,-2.029271331,0.52411615,-1.32,-0.73,-2.01,,-1.79
11/30/00,-7.883925505,-3.788743981,-8.750504122,9.215366207,2.083333333,1.635536681,-0.402606346,0.534248801,-2.32,0.25,-4.3,,-3.49
12/31/00,0.48941264,3.505010206,2.412371321,-2.061711567,7.142857143,1.855449844,4.414658795,0.501774733,2.39,4.61,3.16,,2.07
1/31/01,3.5479075,-0.047149748,13.76995253,-5.307479614,0.952380952,1.634583264,4.824002853,0.595772628,4.59,2.15,2.88,,3.39
2/28/01,-9.118165294,-7.48950388,-7.83004729,-1.395862061,-1.886792453,0.871321545,-1.331519098,0.384392467,-0.38,-1.71,-2.56,,-2.21
3/31/01,-6.335023794,-6.621061976,-9.8220807,-3.919310619,0,0.501824526,-1.118006304,0.464548326,-0.25,0.83,-2.3,,-1.59
4/30/01,7.771039571,7.013690091,4.941198665,5.370164041,2.884615385,-0.415099636,-0.483139911,0.406912223,1.23,-0.12,2.27,,1.95
5/31/01,0.669963958,-3.450012323,1.1937539,-2.848456949,1.869158879,0.604076105,2.412412412,0.345394737,1.94,-0.1,0.9,,1.19
6/30/01,-2.433865072,-4.052262793,-2.052760937,-7.234153034,5.504587156,0.377250473,1.524777637,0.282576627,1.11,0.43,-0.32,,0.29
7/31/01,-0.984419019,-1.811525215,-6.319121783,0.239295313,-0.869565217,2.235676922,-5.179551362,0.311854389,0.3,-0.3,-1.06,,-0.83
8/31/01,-6.260162702,-2.512444834,-0.343998723,0.956081944,3.50877193,1.145807838,4.47761194,0.312188382,1.29,0.57,-1.22,,-0.41
9/30/01,-8.075230117,-10.10612001,-17.31737631,-10.95608511,-3.389830508,1.164737321,-3.270165209,0.337205676,-3.26,0.63,-3.73,,-2.83
10/31/01,1.906876664,2.557062688,7.868914654,-5.042525088,-1.754385965,2.093041352,0.055256945,0.235056433,2.07,2.71,1.85,,2.01
11/30/01,7.670627983,3.692746499,9.933547204,-5.370820645,4.464285714,-1.37887804,-1.280249021,0.195098001,1.59,0.14,1.97,,2.07
12/31/01,0.876044212,0.596133327,8.435110341,-1.325597391,1.709401709,-0.635724566,1.195138077,0.153453345,1.51,1.51,1.99,,1.71
1/31/02,-1.459333501,-5.305862024,3.388788677,-3.11987864,0,0.809628228,1.849432104,0.142274067,0.7858,0.4113,0.2247,,0.4474
2/28/02,-1.928495427,0.706275329,1.642856525,4.367954514,1.680672269,0.969042801,3.750123359,0.133071904,-1.3707,-1.2079,-0.8915,,-0.7043
3/31/02,3.760911352,5.459418211,6.025349518,13.48176732,5.785123967,-1.663229814,0.109388376,0.138031099,1.9114,2.1118,2.0272,,1.9111
4/30/02,-6.062790924,0.724196482,0.639350018,1.107079071,1.5625,1.939319355,0.98341964,0.158356681,0.2762,0.39,0.1657,,0.2786
5/31/02,-0.73673259,1.356582791,-1.593303858,-4.35119102,2.307692308,0.849523107,-0.517500941,0.15234535,-0.3303,1.8738,0.0018,,0.0416
6/30/02,-7.122957895,-3.943391257,-9.270381571,3.417419179,2.255639098,0.86510063,-5.04587156,0.136774424,-3.8206,1.2017,-2.6312,,-1.9391
7/31/02,-7.795441282,-9.864375701,-5.80503858,0.578176336,-5.147058824,1.20624224,-4.527117884,0.151905844,-4.3495,-0.3386,-3.9297,,-2.8606
8/31/02,0.656561839,-0.203309782,0.712486045,6.047936201,0.775193798,1.688153787,7.318727178,0.135105854,0.3691,0.6292,0.2838,,0.5299
9/30/02,-10.86793302,-10.71453596,-10.05532949,4.566566401,-3.076923077,1.619908145,-2.770621689,0.154652954,-1.4882,0.9319,-1.9614,,-1.5445
10/31/02,8.801572081,5.382303382,6.488776319,-4.718528202,-3.174603175,-0.455897642,6.154076888,0.150601453,0.702,-1.6451,0.5557,,0.5904
11/30/02,5.885915142,4.551325728,6.047687613,-0.217069492,4.098360656,-0.02639068,2.835075822,0.127533216,2.9241,-0.4635,2.67,,2.1184
12/31/02,-5.874758385,-3.354986817,-2.560734021,8.530929838,1.57480315,2.065354446,3.072907126,0.111528639,0.256,3.414,-1.135,,-0.21
1/31/03,-2.619657537,-4.167159061,-0.435389485,8.991200017,-1.550387597,0.085498643,1.648376061,0.099377781,1.309,2.52,-0.007,,0.652
2/28/03,-1.500377238,-2.28593654,-2.698991192,12.1226363,1.57480315,1.384309631,3.199580383,0.087264449,-0.097,1.91,-0.782,,0.021
3/31/03,0.970926033,-1.889850326,-2.835465905,-14.41111879,2.325581395,-0.077342397,1.622193986,0.108037756,0.951,-2.231,-0.065,,0.142
4/30/03,8.236985926,9.915773371,8.907211911,-6.137157456,4.545454545,0.825393685,5.697495103,0.096561039,3.152,1.227,2.432,,2.636
5/31/03,5.268769519,6.152036089,7.177136707,9.587686824,6.52173913,1.864484972,4.144321767,0.090162797,4.146,5.665,4.079,,3.576
6/30/03,1.275640493,2.474972103,5.699463924,0.219461532,1.360544218,-0.198647876,-0.003786301,0.112129516,2.456,0.531,1.519,,1.346
7/31/03,1.763163634,2.435633058,6.262745805,0.712160681,4.026845638,-3.362023211,-3.540325634,0.066698967,1.46,0.726,2.414,,1.304
8/31/03,1.950200833,2.432302007,6.711973225,4.086416817,2.22E-14,0.663671561,2.433758587,0.071685039,1.948,1.856,2.381,,1.83
9/30/03,-1.061949263,3.102535137,0.733094145,-4.083938086,3.870967742,2.646917179,3.506418854,0.094254853,1.269,2.258,0.783,,1.163
10/31/03,5.656998204,6.239262623,8.509761112,2.190843298,1.863354037,-0.931991048,0.488707886,0.072821781,2.511,1.729,3.117,,2.448
11/30/03,0.879834805,2.237517068,1.228873827,2.558981781,4.87804878,0.239118788,1.230565176,0.075278058,1.629,0.193,1.135,,1.055
12/31/03,5.24444547,7.816987999,7.249628747,6.24496954,4.069767442,1.017606415,2.937108749,0.086504648,2.119,3.382,1.928,,1.874
1/31/04,1.835516143,1.421486346,3.551501411,0.391822752,3.351955307,0.804720766,0.141427713,0.072651205,2.799,0.646,1.95,,1.976
2/29/04,1.389950518,2.325465545,4.612992906,7.420400553,2.702702703,1.0820362,0.720262684,0.064462427,1.202,1.999,1.11,,1.188
3/31/04,-1.5086531,0.601888104,1.284921694,2.009608943,4.736842105,0.749552968,2.495881095,0.085686051,0.058,1.123,0.359,,0.506
4/30/04,-1.56980089,-2.177277568,-8.175726462,2.757978496,-12.56281407,-2.602206476,-5.431102295,0.084362873,-0.562,-2.84,-2.078,,-1.482
5/31/04,1.372258929,0.433036536,-1.969514138,4.626884796,6.32183908,-0.400328758,-1.48276735,0.076799161,-0.312,-0.695,-0.191,,-0.306
6/30/04,1.94448798,2.231689691,0.456784912,-4.699987603,2.162162162,0.565009999,1.468374876,0.068629469,1.758,-0.11,1.065,,0.752
7/31/04,-3.309664804,-3.231545841,-1.768223204,7.75265824,1.058201058,0.991338149,2.97022539,0.098509268,-0.931,-0.329,-1.882,,-0.962
8/31/04,0.404487975,0.464275752,4.186018919,-3.883005704,6.806282723,1.907729803,4.128311433,0.116475344,0.491,-0.233,-0.367,,0.115
9/30/04,1.083077478,2.628251653,5.775679928,12.61393072,0.490196078,0.271123137,1.663461214,0.118828389,1.365,0.835,1.987,,1.649
10/31/04,1.527678358,3.416036319,2.395685471,4.148302144,5.365853659,0.838473915,1.609691338,0.118687355,1.489,0.838,0.475,,0.842
11/30/04,4.046163913,6.859001353,9.262525854,-4.83734459,5.092592593,-0.797624999,0.699003756,0.150200474,4.033,2.805,3.37,,2.84
12/31/04,3.402872771,4.391669648,4.814151224,-9.988567356,5.286343612,0.920271318,2.504135716,0.189638076,2.799,0.606,1.761,,1.647
1/31/05,-2.437473594,-1.827283701,0.316511129,6.761556264,-6.276150628,0.627458579,0.626562451,0.170722353,-0.148,-0.576,-0.582,,-0.205
2/28/05,2.104393262,4.343706253,8.780881388,6.226208401,2.232142857,-0.589795783,0.666687632,0.162403824,1.385,1.806,2.128,,1.834
3/31/05,-1.770799753,-2.4735018,-6.588096458,7.559269342,-1.746724891,-0.514055028,-2.545999813,0.225640393,-0.198,-0.601,-1.053,,-0.866
4/30/05,-1.896561437,-2.238339008,-2.665323536,-9.050868546,4.444444444,1.353325303,1.577125272,0.216520782,-1.706,-1.061,-2.232,,-1.495
5/31/05,3.181858308,0.152978274,3.52083866,-0.732836091,2.127659574,1.08186238,2.991668771,0.2479699,1.2,0.345,1.552,,1.043
6/30/05,0.141966975,1.366916008,3.451901669,5.795195887,4.583333333,0.545325363,1.777178576,0.224090322,1.325,1.055,1.96,,1.592
7/31/05,3.718821977,3.071911399,7.075795611,5.49530896,5.976095618,-0.909590104,-0.246868979,0.228476477,2.351,0.741,2.949,,2.297
8/31/05,-0.912395689,2.555741214,0.900178698,15.1434674,-2.631578947,1.281943941,1.940604817,0.293782418,0.887,0.725,0.741,,0.82
9/30/05,0.809937007,4.474022812,9.324617407,0.017949073,0.772200772,-1.0308994,1.690499452,0.296568195,0.998,2.108,2.253,,1.928
10/31/05,-1.667075733,-2.913659,-6.533532518,-10.32510095,-3.0651341,-0.791071937,-1.478979853,0.263577258,-1.798,-0.634,-1.873,,-1.407
11/30/05,3.782212668,2.47273802,8.279704436,-3.847789668,3.162055336,0.442498279,1.684397163,0.308209244,1.29,1.462,2.135,,1.663
12/31/05,0.034806632,4.659776394,5.92378139,2.868541541,1.149425287,0.950177837,1.691368788,0.307262233,1.567,1.275,2.316,,1.823
1/31/06,2.647784155,6.146891886,11.23051215,4.334102855,6.439393939,0.006114429,1.197416552,0.332148091,3.322,2.401,3.952,,3.486
2/28/06,0.27132566,-0.204820128,-0.095739202,-10.10438768,2.491103203,0.331572426,2.222473243,0.323266186,0.965,-0.472,0.02,,0.451
3/31/06,1.244753723,3.344877329,0.896415308,5.130406485,3.125,-0.98111792,-1.897894911,0.378912194,2.476,1.147,2.546,,1.951
4/30/06,1.342783825,4.849904217,7.13627882,6.333438199,-1.346801347,-0.181041686,-0.084480865,0.351920105,1.629,2.764,1.76,,1.867
5/31/06,-2.87814217,-3.763159081,-10.45642099,-0.769632581,-2.730375427,-0.107132854,-2.048983963,0.424140464,-0.542,-1.364,-2.323,,-1.56
6/30/06,0.13557054,0.036660598,-0.212035255,1.162445695,4.210526316,0.212245208,-0.005754733,0.398164315,-0.116,-0.484,-0.535,,-0.235
7/31/06,0.616848358,1.00136221,1.470585775,2.005213328,3.703703704,1.351938571,3.271754144,0.409510996,-0.437,-0.26,-0.542,,-0.177
8/31/06,2.379314145,2.776852462,2.597874773,-7.257489584,3.571428571,1.531067147,2.602468723,0.42480983,1.055,0.232,1.03,,1.01
9/30/06,2.57699538,0.174010991,0.840602862,-10.70643058,2.194357367,0.878448019,0.559432963,0.424760817,0.233,-0.76,0.158,,0.176
10/31/06,3.258610546,3.89831236,4.755025201,-2.568262752,5.521472393,0.661614375,1.639255718,0.397435526,2.329,1.137,1.863,,1.768
11/30/06,1.901601202,3.016256902,7.447529547,5.528091821,5.23255814,1.160251364,1.482623021,0.416088766,1.869,2.357,2,,2.07
12/31/06,1.402774137,3.145392066,4.512347593,-7.117884463,1.104972376,-0.580587595,0.981829607,0.409760589,1.65,1.27,1.346,,1.482
1/31/07,1.512318084,0.684340285,-1.010066798,-2.289875989,6.557377049,-0.041263151,-0.134823304,0.439612087,1.5743,0.3718,1.1575,,1.1019
2/28/07,-1.955881533,0.821455257,-0.579267625,4.297011607,-0.256410256,1.542058854,1.225432926,0.381764333,1.0239,0.2234,0.627,,0.681
3/31/07,1.118498027,2.596354033,4.005814726,3.234300333,-0.257069409,0.00322633,0.974633871,0.431475544,1.3579,-0.0897,1.0088,,0.9552
4/30/07,4.429526571,4.535000222,4.758573771,-0.275042154,0.515463918,0.539298409,0.866163733,0.443772748,1.9871,1.6273,1.8579,,1.775
5/31/07,3.489509744,1.884952345,4.883866815,-1.553386087,0.769230769,-0.758253507,-0.385293377,0.419270672,2.1749,1.8107,2.2375,,1.9932
6/30/07,-1.661331789,0.154270196,4.730054081,3.221255673,-7.888040712,-0.295611162,-1.888414187,0.392828082,0.0035,1.5065,0.8881,,0.7305
7/31/07,-3.100481228,-1.462030383,5.328129772,5.545982989,-6.35359116,0.834239413,-0.901829425,0.390731994,-0.8823,0.7931,0.1673,,0.0794
8/31/07,1.49900929,-1.53881241,-2.092434704,-4.186840933,4.12979351,1.225734936,1.211648466,0.488880475,-1.6984,-2.1109,-1.6674,,-1.5321
9/30/07,3.739883088,5.369082573,11.0519967,10.22581673,4.815864023,0.758431241,2.270975697,0.342435392,1.5479,3.2292,3.1764,,2.6943
10/31/07,1.590681087,3.940282258,11.1598395,9.606929832,1.081081081,0.898372082,2.38382316,0.318073886,2.259,3.2576,3.0928,,2.8476
11/30/07,-4.180656817,-3.262483099,-7.084272818,-3.697266223,-8.823529412,1.79817547,-0.370470326,0.380368368,-2.5235,-0.8924,-2.8902,,-2.1992
12/31/07,-0.693764546,-2.245007105,0.359066165,5.765249395,-4.398826979,0.280971475,0.623029945,0.27692932,-0.2682,0.9846,0.5281,,0.5329
1/31/08,-5.998163672,-9.228038501,-12.4501177,-0.025487859,-3.374233129,1.680157314,0.854115171,0.366396518,-2.5283,1.0826,-4.4739,-1.4471,-2.6917
2/29/08,-3.248575615,1.463683965,7.417583178,11.25847138,-1.26984127,0.138421412,-0.177141471,0.131312251,0.4078,4.2192,1.309,-0.5407,1.4974
3/31/08,-0.431795373,-1.004117775,-5.282896398,-1.174168015,2.893890675,0.341058021,-0.041325328,0.216571531,-1.4134,-1.2212,-2.8427,-2.3283,-2.2369
4/30/08,4.870312852,5.556275944,8.131533433,7.964568452,3.75,-0.208818638,1.011673152,0.110766624,1.0001,-0.0328,2.4453,1.2169,1.631
5/31/08,1.295260598,1.163856259,1.884234818,9.103948962,-1.807228916,-0.73343812,0.122785054,0.058576271,1.5184,1.2046,2.3819,1.2066,1.8698
6/30/08,-8.430354655,-8.158398638,-9.962386249,9.216529801,-10.42944785,-0.08015728,-1.92608267,0.181588547,-1.599,1.1923,-2.4397,-0.6854,-1.3292
7/31/08,-0.84061734,-3.201279072,-3.692910156,-12.22631681,0.342465753,-0.081717373,1.113127053,0.163403997,-1.4316,-2.6237,-2.8445,-1.1846,-2.2912
8/31/08,1.446464506,-4.026117836,-7.954835944,-7.10224612,-1.11E-14,0.94866956,0.807468477,0.139909248,-0.5046,-1.1787,-2.1744,-0.3997,-1.4394
9/30/08,-8.910729507,-14.42437941,-17.48955755,-12.44197689,-4.778156997,-1.343030328,-6.843383927,0.228720621,-6.0064,-1.2144,-8.1404,-6.0912,-6.1273
10/31/08,-16.7947925,-20.17355519,-27.35325294,-28.19855596,-30.46594982,-2.360414534,-14.89103491,0.073734009,-8.191,1.6317,-9.4584,-8.7655,-6.8421
11/30/08,-7.175453521,-5.358220625,-7.520638131,-14.84079596,-16.49484536,3.2548827,2.478686933,0.059696676,-3.6566,0.7328,-3.7717,-3.3151,-2.6679
12/31/08,1.064020402,6.023188254,7.826944685,-13.31963216,10.49382716,3.73120753,7.768369945,0.004299896,-1.4988,1.1128,0.2194,-1.1804,0.1517
1/31/09,-8.428636556,-9.797676097,-6.417176492,-8.938872581,-13.96648045,-0.882606463,0.85160156,-0.004837175,0.3696,-0.0995,-0.8812,1.8602,-0.0901
2/28/09,-10.64777928,-10.22717356,-5.624483044,-6.100434577,-16.88311688,-0.377604945,-1.193070386,0.015587208,-1.412,-0.1225,-2.204,0.1685,-1.2143
3/31/09,8.759518203,6.387431682,14.38460493,4.505459122,4.6875,1.390154614,3.738214699,0.023108465,1.2767,-0.6146,2.9,0.9503,1.6567
4/30/09,9.570942164,12.96165468,16.65632081,-0.918654873,20.89552239,0.478628007,5.38665958,0.022565844,3.1902,-0.0892,5.4443,3.3357,3.6016
5/31/09,5.593292372,12.01287345,17.14497458,19.66516859,6.790123457,0.72507754,3.784955998,0.00698309,4.743,3.5352,6.3744,4.99,5.1466
6/30/09,0.19836641,-0.539515986,-1.327191842,0.571099596,-0.578034682,0.568435413,1.319306089,0.008593972,1.5278,-1.169,0.1821,1.8878,0.2491
7/31/09,7.563729351,9.142593175,11.31625986,0.443080806,9.88372093,1.613351806,3.086256924,0.015038159,2.7961,0.4919,3.2031,3.5987,2.4999
8/31/09,3.610424037,5.451462651,-0.331114303,-2.364280536,13.22751323,1.035379822,1.900530381,0.019868865,2.3003,0.3747,1.3673,2.3931,1.3003
9/30/09,3.731513353,3.847766046,9.093373995,0.172646665,6.542056075,1.050682809,4.91724689,0.015569801,3.7618,1.7089,3.2169,3.3037,2.7873
10/31/09,-1.857704415,-1.244957929,0.13293065,5.872757674,-3.070175439,0.493867766,0.147957963,0.009125704,0.5366,-0.5156,-0.717,1.4061,-0.2029
11/30/09,5.998349942,2.026843253,4.300596078,1.524339291,3.619909502,1.29448709,1.047211419,0.004294057,1.2591,2.17,1.5663,0.7705,1.5163
12/31/09,1.931546686,1.453244528,3.961436093,0.864322078,4.366812227,-1.563513906,0.320368101,0.001610202,2.3586,-1.3023,2.0681,2.108,1.2782
1/31/10,-3.597372799,-4.399448961,-5.560985986,-7.89439035,-4.184100418,1.527783251,0.36863989,0.004830529,0.6922,-1.9531,-1.2713,1.6719,-0.7611
2/28/10,3.09771787,-0.675705091,0.372943394,5.558418322,2.620087336,0.373317642,1.415759129,0.001073399,0.8058,0.1597,0.9169,0.526,0.6596
3/31/10,6.034489414,6.305631479,8.081212157,1.935392695,7.234042553,-0.122615201,2.332975386,0.006440325,3.0364,1.5902,3.1539,2.2578,2.4939
4/30/10,1.5787694,-1.726777409,1.233882484,2.774989291,4.365079365,1.040979656,0.761301208,0.011806502,1.741,0.8176,1.1897,1.7483,1.1907
5/31/10,-7.985072665,-11.36720006,-8.752554003,-13.18920902,-7.604562738,0.841075306,-1.578485226,0.013951492,-2.6638,-1.5831,-4.0464,-1.7392,-2.8939
6/30/10,-5.23482927,-0.97283032,-0.717261178,0.417185571,-2.880658436,1.568159689,2.006307316,0.012339983,-1.0903,-0.1159,-1.8454,-0.0246,-0.9524
7/31/10,7.006304404,9.492422933,8.39837658,5.63014208,10.16949153,1.067386603,4.11674972,0.014484279,1.9716,-0.0623,2.3567,1.6605,1.6128
8/31/10,-4.514418272,-3.091093357,-1.908433122,-5.524778602,-0.384615385,1.286545043,2.326671746,0.013945804,-0.3837,1.6891,-1.3726,0.6255,-0.1288
9/30/10,8.924468112,9.821574256,11.12649515,8.488181772,6.563706564,0.106719788,1.676212295,0.009653441,2.5192,2.7353,4.7398,1.8084,3.4843
10/31/10,3.804916343,3.617913523,2.912351931,2.556782139,4.347826087,0.355838561,1.7199294,0.012333762,1.8594,2.2308,2.3666,1.6771,2.1418
11/30/10,0.012823066,-4.78902617,-2.635760805,1.082465878,-3.819444444,-0.574775985,-3.184184295,0.009651319,0.2592,-0.9163,0.6372,0.417,0.1883
12/31/10,6.683144961,8.106374339,7.147730432,9.402613935,6.498194946,-1.078318801,-0.331750844,0.017156245,2.6746,3.3396,3.5233,1.4149,2.9459
1/31/11,2.370149468,2.372956017,-2.694077036,3.051757348,2.033898305,0.116147656,-0.543280727,0.006432488,1.6794,-0.7212,0.4215,1.5072,0.4058
2/28/11,3.42590955,3.320270772,-0.917772288,3.745537883,4.318936877,0.250230249,0.294281703,0.013936162,1.3637,1.2753,1.3006,1.1641,1.2309
3/31/11,0.039784668,-2.195919115,5.895203096,4.351435919,-0.636942675,0.055260154,1.269561215,0.016077946,0.3553,-1.0906,0.4993,0.2031,0.0603
4/30/11,2.961533175,6.07634348,3.123724929,4.411719909,5.769230769,1.269577713,1.391887286,0.010716908,1.1941,2.3708,1.3358,0.9254,1.478
5/31/11,-1.131963595,-2.806295493,-2.583188318,-6.888426219,0.606060606,1.30519087,1.466166116,0.002143152,-0.4651,-2.3015,-1.2804,0.0301,-1.1996
6/30/11,-1.666913194,-1.227566338,-1.496295904,-5.3053803,-2.710843373,-0.292920064,1.121010198,0.004286212,-1.0232,-1.7408,-1.2597,-0.5791,-1.1758
7/31/11,-2.033454809,-1.57285084,-0.376084212,2.434881567,0.92879257,1.586883902,1.945936106,-0.006429042,-0.1925,1.6557,-0.3272,0.1821,0.2253
8/31/11,-5.432198359,-9.017679517,-8.899745841,-1.84461304,-6.134969325,1.461069485,0.53210485,0.013930487,-3.7205,-0.5112,-4.8879,-2.2984,-3.2149
9/30/11,-7.029883028,-9.49668148,-14.56258664,-12.16878638,-8.496732026,0.727246253,-4.200561259,0.00160714,-3.9415,-1.2434,-6.0353,-2.3087,-3.8903
10/31/11,10.92930573,9.647284422,13.25563213,9.746195633,11.07142857,0.10765112,4.508964162,0.001071409,3.0257,-0.9241,4.9081,1.2873,2.6858
11/30/11,-0.220999944,-4.825035832,-6.659222225,1.416560415,-9.003215434,-0.086914093,-0.585428161,0.001071398,-1.1848,-0.6527,-2.0215,-0.7181,-1.3453
12/31/11,1.022920511,-0.935300005,-1.195688518,-2.107454933,6.007067138,1.099121814,1.179535681,0.000535693,-0.2103,-0.2477,-0.9143,0.165,-0.4479
1/31/12,4.48154201,5.353078776,11.36199846,2.232247399,6.666666667,0.877639462,1.761904762,0,2.5348,1.2674,3.8824,1.9978,2.7792
2/29/12,4.324195233,5.768667257,6.008479993,6.06346386,0.9375,-0.02280817,2.95152429,0.002142761,1.8638,0.7895,2.8934,1.7428,2.0579
3/31/12,3.290916633,-0.404243762,-3.32690567,-2.350251598,3.095975232,-0.547935535,0.09427292,0.008570862,0.3949,-1.3186,0.0053,0.6931,-0.1776
4/30/12,-0.627677549,-1.841971093,-1.16729901,-0.513277652,3.003003003,1.108899827,1.75586128,0.003749431,-0.3319,-0.5793,-0.8188,0.082,-0.5121
5/31/12,-6.010077759,-11.3531902,-11.16256928,-12.97799164,-5.247813411,0.904663375,-2.771809196,0.010712258,-2.3301,0.4037,-4.7128,-1.1139,-2.6106
6/30/12,4.120221147,7.049598039,3.906496751,1.201367505,6.153846154,0.03922566,3.568210795,0.004284444,0.1788,-1.4202,0.9218,0.5761,0.2878
7/31/12,1.38889735,1.146289721,2.022689367,6.373501499,3.188405797,1.379413654,4.003348434,0.005355326,0.4664,2.0089,0.2754,0.997,0.8656
8/31/12,2.252285031,2.696260155,-0.289013471,6.365187759,0.280898876,0.065457597,1.159982955,0.006961551,1.1363,-0.2282,1.1779,0.9977,0.8229
9/30/12,2.584173227,2.993419718,6.053972752,-1.42224533,2.22E-14,0.137217059,1.472744859,0.008031999,1.2753,-0.0302,1.9619,1.3278,1.3095
10/31/12,-1.846434767,0.840142087,-0.596364933,-4.065772627,0.840336134,0.196698057,0.81639556,0.006425084,0.4337,-1.8373,-0.2486,0.7723,-0.3811
11/30/12,0.580107589,2.426122485,1.276955095,1.476999421,0.277777778,0.157827145,1.552468242,0.010172395,1.0234,-0.0645,0.4503,0.5967,0.4054
12/31/12,0.911471492,3.211803842,4.901547165,-0.648355032,3.047091413,-0.14239179,0.867793095,0.008565356,1.9872,1.0211,1.6365,1.4704,1.4407
1/31/13,5.179494795,5.292448223,1.394287359,4.3574466,3.225806452,-0.69940326,-1.361779752,0.001605867,2.2882,1.527,3.3366,1.9459,2.5134
2/28/13,1.357495059,-0.9234708,-1.241978336,-4.385260345,1.041666667,0.501472328,-0.14267779,0.002141121,0.3642,-0.6791,0.3165,0.4188,0.1095
3/31/13,3.750323231,0.87558494,-1.700695206,0.7696726,3.350515464,0.079780676,-0.751560808,0.011775915,1.0048,0.4074,1.2223,0.9244,0.9481
4/30/13,1.926665723,5.330435041,0.792909998,-4.730082559,6.234413965,1.012121881,2.833218757,0.007492882,0.9919,0.6529,0.3658,1.141,0.6334
5/31/13,2.33918489,-2.305603582,-2.518489722,-1.489111062,-7.276995305,-1.784591391,-3.81031409,0.004281326,1.8402,-1.251,1.2235,0.9138,0.4792
6/30/13,-1.342878632,-3.529385794,-6.318614334,0.233570769,-2.53164557,-1.546577707,-5.03079679,0.002140571,-1.0328,-1.5689,-1.6351,-1.261,-1.4684
7/31/13,5.088420853,5.284485156,1.098922913,4.913731977,0.519480519,0.136657774,0.949605601,0.00374592,1.392,-0.0561,2.2665,0.7398,1.2953
8/31/13,-2.896168966,-1.31199281,-1.67816423,3.376023065,-5.426356589,-0.511446765,-2.679875551,0.003210668,-0.2398,-1.0825,-0.8485,-0.0251,-0.6961
9/30/13,3.135950775,7.415849608,6.53477298,-3.391642559,5.191256831,0.946731929,2.669577363,0.001605282,1.5429,-0.1663,2.6634,1.0669,1.5772
10/31/13,4.596779825,3.364143612,4.87314524,-1.442867217,3.896103896,0.808415814,2.669694552,0.000535086,1.5062,0.8294,2.0096,1.2787,1.5061
11/30/13,3.047398161,0.782780925,-1.454431889,-0.779562304,-4.5,-0.374025193,-2.280181796,0.003745579,1.0371,0.5238,1.1957,0.6827,0.8851
12/31/13,2.531604311,1.511965341,-1.437656379,1.927378753,0,-0.565147025,0.583611148,0.004815564,1.1935,0.4705,1.4143,0.8177,1.0493
1/31/14,-3.45740776,-4.018082917,-6.471293676,-1.636453878,1.832460733,1.47755323,-1.019431083,0.003210221,0,-0.8515,-0.9762,0.6161,-0.5376
2/28/14,4.574392386,5.585440953,3.333623009,4.508239772,5.141388175,0.531453889,3.24370345,0.002140079,1.8691,1.439,2.5377,1.282,1.9652
3/31/14,0.840565864,-0.565711643,3.092047916,0.139769681,0.244498778,-0.170322044,1.261233909,0.004815074,0.1107,-0.9009,-0.4156,0.3165,-0.2949
4/30/14,0.739203219,1.529041397,0.37227763,0.741622054,3.658536585,0.844124745,1.559080205,0.003209895,0.0643,0.0625,-0.7289,0.4588,-0.2152
5/31/14,2.347408507,1.756245964,3.513245915,-0.175445077,2.588235294,1.138243878,3.195367964,0,0.9184,0.569,1.1193,0.7897,0.923
6/30/14,2.065748819,0.994970424,2.702128815,2.117081745,1.834862385,0.05166147,0.741316429,0.003744757,1.3162,0.6955,1.7258,0.9383,1.3016
7/31/14,-1.379090528,-1.957726587,2.015732358,-5.297207071,-2.22E-14,-0.250862994,0.401547236,0.002139781,-0.6417,-0.3952,-0.9676,-0.0459,-0.6263
8/31/14,4.000509478,-0.145183468,2.293524148,-1.63953922,2.477477477,1.104027895,0.2290751,0.001604802,0.3618,1.5002,1.6102,0.2571,1.2455
9/30/14,-1.402370034,-3.810293645,-7.391533721,-6.023830125,-6.153846154,-0.678670533,-2.409113205,0.001604776,-1.4405,1.0798,-1.9732,-0.6032,-0.9205
10/31/14,2.442516261,-1.448758429,1.190675793,-5.983732903,7.259953162,0.982758194,1.647281413,0.002674583,-1.6688,-0.2005,-0.0811,-0.7231,-0.3998
11/30/14,2.689471092,1.372222419,-1.051732081,-10.9204115,1.528384279,0.709396491,-0.603778578,0.000534902,0.5161,2.2515,0.3898,0.1613,0.7829
12/31/14,-0.251907952,-3.437846069,-4.561459126,-13.63036938,0.860215054,0.093524759,-2.654251227,0,-0.274,0.2417,-0.3476,-0.462,-0.2332
1/31/15,-3.001925856,0.497696232,0.607593197,-7.496478283,5.543710021,2.096920123,0.343555841,0.001604699,-1.0605,2.5117,-1.0139,-0.2977,-0.0436
2/28/15,5.747154133,5.989279073,3.108370425,6.465243381,-1.616161616,-0.940236531,1.245459669,0.000534891,2.5139,0.196,2.7181,1.5344,1.8779
3/31/15,-1.581451373,-1.428140672,-1.402008002,-6.805438295,-5.55E-14,0.464356535,0.459734734,0.000534888,0.377,0.5615,0.2838,0.3582,0.3695
4/30/15,0.959324529,4.163373337,7.71659267,11.05778969,-2.874743326,-0.358814405,1.97049223,0.002139541,1.2606,-1.1943,1.8231,1.04,0.9511
5/31/15,1.285926059,-0.397049575,-3.985235005,-1.986999954,-1.268498943,-0.240827554,-0.536047735,0.000534874,0.6776,-0.0481,0.956,0.4444,0.5877
6/30/15,-1.935806851,-2.804831692,-2.520973247,-0.112268995,-3.640256959,-1.090362991,-1.692482545,0.000534871,-1.3226,-2.3116,-0.9341,-0.8289,-1.2297
7/31/15,2.095127988,2.080705249,-6.870416327,-14.10209239,4,0.695114895,0.410030455,-0.003209208,-0.9874,0.8906,-1.184,-0.3349,-0.5105
8/31/15,-6.03338498,-7.34572443,-9.009880377,0.29954889,-5.982905983,-0.143604792,-1.075468621,0.007488393,-2.2076,-1.6054,-3.2754,-1.1717,-2.387
9/30/15,-2.474350073,-5.041583113,-2.972686322,-6.326606387,2.045454545,0.676429435,-1.894908696,0.001604535,-2.3594,-0.0434,-1.9261,-1.1027,-1.3837
10/31/15,8.43540453,7.823096691,7.140181406,0.22944959,5.567928731,0.016602686,3.698932554,-0.003209019,1.3478,-0.0846,2.9703,0.6216,1.73
11/30/15,0.297383602,-1.543864373,-3.893996538,-8.965947219,-1.476793249,-0.26417381,-0.057548462,0.001604561,-0.7217,1.3869,-0.045,-0.3339,0.1565
12/31/15,-1.57718218,-1.329010949,-2.1725115,-8.629575172,1.070663812,-0.323166008,-1.503039812,0.012836284,-1.0034,-1.4236,-1.1531,-0.9066,-1.153
1/31/16,-4.96242022,-7.222022358,-6.481817916,-5.17074654,-3.177966102,1.376116627,-0.198684442,-0.000534777,-3.165,1.0214,-4.5823,-1.7481,-2.5953
2/29/16,-0.134924431,-1.797260779,-0.152610049,-2.010757985,1.094091904,0.709388598,2.021275833,0.024599851,-0.5193,1.4853,-0.4482,-0.7097,-0.0334
3/31/16,6.78382202,6.594026921,13.25760593,4.930468138,9.523809524,0.917497372,3.336095047,0.036890702,3.0672,-0.9457,3.4159,1.9142,2.0785
4/30/16,0.387670193,3.004581062,0.563442963,10.14011291,-0.395256917,0.383844089,1.91417867,0.013895718,1.9244,-0.081,1.1328,1.559,1.0268
5/31/16,1.795818536,-0.783605507,-3.710476444,2.218146797,0.396825397,0.025650441,-0.298178573,0.008550023,1.0311,-0.9265,0.6342,0.8438,0.3676
6/30/16,0.259108856,-3.315108484,4.095043394,0.080159446,4.743083004,1.796782328,3.731231924,0.027785199,-0.0571,2.2198,-0.3824,0.205,0.4097
7/31/16,3.686867753,5.07616535,5.08983577,-9.567942781,4.528301887,0.632221981,1.555490485,0.020833111,1.885,0.7928,2.6595,1.653,1.8793
8/31/16,0.140403168,0.083871007,2.518447408,1.769071893,-3.068592058,-0.114353809,1.798286241,0.021362843,1.6801,-1.4742,0.8718,1.143,0.4274
9/30/16,0.018913739,1.273631182,1.315586915,4.144628205,-1.303538175,-0.058586703,0.339001478,0.030969506,0.8672,-0.3445,0.9959,0.8182,0.6468
10/31/16,-1.824118501,-2.038363548,0.247199359,-1.49719462,-6.037735849,-0.764891506,-1.464285205,0.013344792,0.1011,-1.2295,-0.8009,0.6895,-0.5947
11/30/16,3.703487938,-1.979712503,-4.596981444,2.534969539,-2.610441767,-2.365369365,-4.165753617,0.016545334,1.7189,-0.3084,1.2312,0.5903,0.766
12/31/16,1.976606934,3.438327404,0.289972581,4.715308041,4.12371134,0.141037585,1.43754772,0.034152459,1.6993,0.8956,0.8313,1.3371,1.0063
1/31/17,1.896650627,2.906373604,5.477325391,-1.412892259,0,0.19621317,1.436469516,0.038408399,1.4856,-0.4489,1.8638,1.262,1.2022
2/28/17,3.970590586,1.445915547,3.068867082,0.232380829,3.168316832,0.672102415,2.075797744,0.038393652,0.7803,0.7967,1.0912,0.7531,0.8994
3/31/17,0.116648735,2.867328692,2.549386609,-3.914606092,-1.535508637,-0.052438903,0.347165505,0.027718107,0.1538,-0.4427,0.8718,0.283,0.3921
4/30/17,1.026987958,2.618456644,2.209954226,-2.10619004,0.779727096,0.77170399,1.631081611,0.06074978,0.8767,0.1361,0.7447,0.5122,0.5344
5/31/17,1.407285407,3.807349014,2.977317888,-1.536286866,0.193423598,0.769713864,0.829463961,0.055919774,0.1356,0.0906,0.3368,0.1866,0.1938
6/30/17,0.624144328,-0.148784937,1.074571531,-1.921731317,0.965250965,-0.100650211,-0.256522347,0.079840744,0.5079,-0.8782,0.8499,0.2657,0.2996
7/31/17,2.056269762,2.889852705,6.041235357,4.584772974,1.912045889,0.430320473,0.657861712,0.071799345,0.8318,0.6405,1.4684,0.7067,1.0682
8/31/17,0.306126663,-0.023874132,2.267888369,-0.77684954,-0.187617261,0.896972895,1.727323,0.088223258,-0.0428,0.7895,0.6051,0.2024,0.492
9/30/17,2.062807968,2.528673213,-0.37492934,3.32158647,-0.187969925,-0.476288076,-0.013238743,0.090269481,0.7107,-0.8672,1.3992,0.246,0.6464
10/31/17,2.333546708,1.526879499,3.51188469,3.818082096,-1.129943503,0.057935927,0.179182233,0.082230298,0.4249,1.9659,1.0477,0.4911,1.027
11/30/17,3.066976623,1.062413981,0.206208155,1.38207464,3.238095238,-0.1283609,-0.26639183,0.081102571,0.139,-0.192,0.9725,0.1321,0.4574
12/31/17,1.111869878,1.624740571,3.641678887,4.412407914,1.10701107,0.458954365,0.630652255,0.094807816,1.3429,0.6241,1.2982,0.7908,1.0637
1/31/18,5.725393396,5.021405333,8.342087199,3.419201567,-1.459854015,-1.151687717,-0.196236395,0.107417638,1.2774,2.7515,2.841,1.0968,2.3148
2/28/18,-3.685712173,-4.498562529,-4.597693577,-3.339627786,-6.666666667,-0.947942086,-1.959203273,0.096730713,-0.6507,-3.7021,-1.8425,-0.0352,-1.8
3/31/18,-2.541329909,-1.704696922,-1.83365017,2.221593592,2.777777778,0.64129672,0.376298019,0.131490009,-0.5041,-0.5536,-0.6308,-0.1678,-0.5149
4/30/18,0.383710951,2.391290577,-0.423886965,5.037083705,1.544401544,-0.743747598,-1.462361749,0.13606375,0.3044,0.2406,0.3338,0.4806,0.3829
5/31/18,2.408195891,-2.112475633,-3.5194703,1.447269552,2.281368821,0.713687014,-1.083944228,0.145885451,1.0411,-0.2292,1.3377,0.1732,0.8795
6/30/18,0.615490541,-1.191746194,-4.088302584,1.35521233,2.416356877,-0.122995555,-1.00459646,0.159872102,0.5264,-0.1974,-0.8076,0.2375,-0.3994
7/31/18,3.721357725,2.468345218,2.284867451,-3.530598807,0.907441016,0.023782033,2.060482077,0.154366363,0.4149,-0.1865,0.5145,0.6204,0.4547
8/31/18,3.258532375,-1.918745544,-2.67458023,1.077322949,1.618705036,0.643451957,-1.922565068,0.179816514,0.0036,0.4658,0.4166,-0.0007,0.3334
9/30/18,0.569199495,0.910809178,-0.497559284,3.928725898,-2.300884956,-0.643951486,1.767831917,0.146525514,0.3934,-0.325,-0.6069,0.5466,-0.2649
10/31/18,-6.835022191,-7.952205104,-8.699829878,-5.843340818,-3.079710145,-0.790243724,-2.23071428,0.180276215,-1.866,-1.9444,-4.6707,-0.8804,-3.202
11/30/18,2.037844852,-0.11186494,4.128167789,-11.28093759,3.551401869,0.59695949,-0.392605639,0.194556588,-0.7025,-0.5277,-0.1933,-0.7269,-0.3697
12/31/18,-9.029086444,-4.83299766,-2.588790511,-7.751881515,-5.776173285,1.837130715,1.46101261,0.187411175,-2.3235,0.1722,-3.8342,-1.3615,-2.5387
1/31/19,8.013585202,6.587319199,8.763430245,8.988826255,10.99482759,1.061944931,4.418508755,0.199011696,3.1518,0.4339,5.1412,1.9645,3.5002
2/28/19,3.210817649,2.560862771,0.23398575,3.81335271,-0.006420513,-0.057949935,0.621729826,0.181503262,1.061,0.3703,1.8818,0.8331,1.3051
3/31/19,1.943174418,0.739727222,0.858730062,1.609192359,3.046935924,1.920195478,1.45218677,0.210162332,-0.0876,1.4625,0.4232,0.397,0.5853
4/30/19,4.048964785,2.909455964,2.124068189,2.849165474,-0.360346689,0.025597679,0.120131372,0.196807686,1.1952,1.0555,1.6696,0.9357,1.3258
5/31/19,-6.354817936,-4.659826856,-7.224581663,-8.213451324,-0.195542761,1.77515975,0.572945403,0.225806951,-1.3009,-0.8714,-3.0657,-0.1974,-1.8944
6/30/19,7.047628514,5.965022723,6.322295159,4.430431355,2.145297434,1.255816389,3.044631473,0.19700734,1.3856,2.3822,3.0267,0.7425,2.2857
7/31/19,1.437210315,-1.25881069,-1.139953171,-0.21178322,0.686030911,0.219959842,1.150008494,0.18429915,0.2298,1.2932,0.2075,0.2718,0.4373
8/31/19,-1.58403101,-2.577214917,-4.847081933,-5.622822097,2.522721031,2.591165644,0.547967067,0.18908435,-1.3135,2.3031,-1.7354,-0.5428,-0.781
9/30/19,1.871043761,2.915441304,1.941920771,1.749143583,2.691846027,-0.532592768,-0.360340637,0.166223404,0.1909,-1.842,0.0391,0.2616,-0.2037
10/31/19,2.165972239,3.603024315,4.227365587,1.244666937,2.338884179,0.301211736,0.370916704,0.171564247,0.3746,-1.1053,1.4035,0.1079,0.5899
11/30/19,3.629888035,1.142442491,-0.131018957,-0.012505799,-1.126359746,-0.050918314,-0.164265733,0.12743334,0.6952,0.3135,1.6742,0.2377,1.0513
12/31/19,3.018201184,3.26653197,7.526389768,6.987942159,-0.114886106,-0.069699716,1.876590831,0.141016438,1.7505,0.6125,2.5007,1.3036,1.8887
1/31/20,-0.039207645,-2.079945956,-4.657580173,-10.82492464,0.839927169,1.924454365,1.740382575,0.133700714,-0.557,0.1246,-1.0029,0.4589,-0.4455
2/29/20,-8.231918144,-9.025848928,-5.267625824,-8.389239967,-8.197546263,1.799857361,-0.813296116,0.128445304,-2.3294,-1.2507,-3.169,-0.3073,-2.2801
3/31/20,-12.35128565,-13.24599652,-15.37713924,-29.42536911,-23.08967258,-0.588481658,-13.34832263,0.200786922,-12.4002,-0.4961,-10.8907,-10.4303,-9.0784
4/30/20,12.81937457,6.54234942,9.176800691,-9.671541273,7.760308884,1.77761689,3.136070288,0.003542152,4.2088,0.9795,6.9738,2.2193,4.5216
5/31/20,4.762806809,4.416699787,0.789326129,16.37310835,0.96059639,0.465591203,5.735229342,0.004554034,2.5658,0.0873,3.1274,2.3646,2.3784
6/30/20,1.988720567,3.442527489,7.402623708,5.090703987,2.448016605,0.629916723,2.911931151,0.012143537,3.1443,-0.1189,2.6033,2.695,2.0183
7/31/20,5.638513569,2.352550971,9.025654539,3.796606473,4.009784304,1.493704037,3.320757665,0.015683497,1.5003,2.7486,3.9164,1.5538,2.9706
8/31/20,7.188052293,5.153867269,2.235188882,4.58509779,1.916700325,-0.807187412,0.660733926,0.007587599,2.4409,0.3877,3.4053,1.4043,2.3659
9/30/20,-3.799666104,-2.554321108,-1.580618781,-3.639340457,-3.185079771,-0.054819638,-1.654864145,0.009610229,0.278,-1.9213,-1.231,0.5905,-0.9292
10/31/20,-2.65937991,-3.982204853,2.075700159,-3.574683955,-3.054069724,-0.446520295,-0.119598873,0.009103553,0.0193,-0.4495,0.3096,0.3444,0.1669
11/30/20,10.94639623,15.51311354,9.254854462,12.04054815,11.78931039,0.981222095,3.749513046,0.00809131,7.0428,1.3124,8.277,3.491,5.8602
12/31/20,3.844817328,4.665791671,7.398700144,5.970731686,4.108178482,0.137797043,1.794617402,0.009101988,4.3437,3.9905,5.7746,2.4744,4.5905
1/31/21,-1.009579996,-1.057383432,3.092000077,4.944118607,-0.149240657,-0.716987523,-1.213151679,0.00657306,2.1721,0.1014,1.3607,1.665,1.2229
2/28/21,2.757491995,2.256795869,0.770349904,10.58240766,2.979075247,-1.444048596,-2.563857093,0.006572628,3.7421,3.0497,4.7033,2.1169,3.6668
3/31/21,4.379567186,2.395709584,-1.485643844,-2.154036328,3.527192553,-1.248666301,-1.037731241,0.005561089,1.3766,0.9848,0.6301,0.6713,0.77
4/30/21,5.336875798,3.092461602,2.50327398,8.230593648,6.969702787,0.789992417,1.912399587,0.001516576,2.1235,2.4266,2.6324,1.164,2.2061
5/31/21,0.698438338,3.355720541,2.342180808,2.521696003,1.411466331,0.326711226,1.082985651,0.001516553,1.1808,2.0867,1.2832,1.0063,1.3401
6/30/21,2.334479005,-1.098214821,0.206118543,4.292931523,1.794382877,0.702599099,0.889599118,-0.00151653,0.6204,-0.5347,0.8545,0.5694,0.5424
7/31/21,2.375490324,0.762697709,-6.671259994,1.574259381,4.044237873,1.118109151,0.541840388,0.004044142,-1.2659,-0.5863,-1.1905,-0.3243,-0.9095
8/31/21,3.040565408,1.773120517,2.648984792,-2.301749088,1.859916739,-0.190398198,0.911639882,0.004043978,0.7575,0.0685,1.1019,0.586,0.7628
9/30/21,-4.650977801,-2.828173143,-3.938929832,6.033314029,-5.524453477,-0.865789202,-1.961686897,0.004043815,0.0937,0.2893,-0.8028,0.3,-0.2391
10/31/21,7.006179473,2.483964287,1.000998582,5.797060094,6.142807761,-0.027576989,0.059765075,0.001010913,1.3156,1.1614,1.716,0.2582,1.3203
11/30/21,-0.692896086,-4.640254492,-4.066916028,-10.82359279,-1.378812691,0.295856895,-1.449635798,0.006065416,-1.4464,-2.31,-2.5931,-0.6007,-2.0018
12/31/21,4.481613185,5.130294862,1.924662066,7.59180717,7.54466524,-0.255876559,1.425859078,0.006065048,1.2007,0.8368,1.5869,0.2905,1.1515
1/31/22,-5.174703442,-4.824810784,-1.885369027,11.63368924,-6.604282577,-2.154410707,-2.889098962,0.00303234,-1.9544,0.7998,-3.9603,-0.1702,-2.0475
2/28/22,-2.994145914,-1.758210815,-2.976999916,8.773832303,-2.282337285,-1.115628273,-5.504741567,0.00758062,-0.0896,1.242,-0.713,-0.1099,-0.1278
3/31/22,3.712952951,0.757752163,-2.22390902,9.633333442,5.612087586,-2.778181885,-1.116159672,0.02071879,0.7116,4.5482,0.3233,0.4989,1.2257
4/30/22,-8.720182827,-6.384541279,-5.547509859,5.119661537,-4.814896276,-3.794803786,-5.480327232,0.023745889,-1.9143,2.7735,-3.3999,-0.553,-1.3806
5/31/22,0.183461517,0.89213039,0.465322495,5.069725889,-4.900220474,0.644766985,0.189070479,0.048490726,-0.8244,-0.1894,-0.5647,-0.8788,-0.5374
6/30/22,-8.254375958,-9.256853645,-6.5626621,-7.643201413,-8.309896601,-1.568808552,-5.537427749,0.05402076,-3.4758,-0.8444,-3.9564,-2.2489,-2.8522
7/31/22,9.220445119,4.993006791,-0.16187558,-0.042276879,8.431203407,2.443465548,3.197021042,0.080230499,1.9992,-0.8031,2.2057,0.8835,1.2747
8/31/22,-4.078187993,-4.738966056,0.454970898,-2.678561946,-5.976801574,-2.825661761,-1.168649792,0.182516714,0.9311,1.3003,-0.2163,0.9168,0.452
9/30/22,-9.209862405,-9.30810536,-11.67350453,-7.801228633,-12.59485908,-4.320641667,-6.072005266,0.218419728,-3.2435,1.2913,-4.2361,-2.2216,-2.4131
10/31/22,8.096135074,5.386143374,-3.09164685,6.704914012,4.11121343,-1.29523185,0.078313891,0.194341499,2.4381,0.6266,2.0125,0.3304,1.3917
11/30/22,5.588402513,11.27912101,14.84715868,-1.705461653,6.502685805,3.67756804,6.949739887,0.311746633,1.0157,-2.1064,2.8923,1.0209,1.2065
12/31/22,-5.761449154,0.1088596,-1.351439857,-1.379871847,-3.342951916,-0.451080705,0.380158188,0.376230995,-0.3268,0.1574,-0.6619,-0.0472,-0.2858
1/31/23,6.283392173,8.109630006,7.905639405,-0.08744867,9.388285313,3.076403731,3.108157077,0.314590634,3.116,0.3464,3.8349,2.3438,2.66
2/28/23,-2.43989515,-2.075954193,-6.476745491,-3.825913875,-4.380470919,-2.585538961,-2.204608092,0.347346274,-0.0073,-0.0894,-1.3123,0.0977,-0.6382
3/31/23,3.671422912,2.605649338,3.071759344,-1.073716613,-2.814158746,2.540249365,1.39952665,0.424768084,-1.6776,-2.6917,0.0365,-0.8597,-0.8032
4/30/23,1.560845208,2.926813744,-1.114248507,-0.758558573,1.482476779,0.606070329,0.504524001,0.358467061,0.0089,0.8288,0.0325,0.3161,0.2378
5/31/23,0.43466596,-4.102219655,-1.65072692,-6.107333178,-3.645755811,-1.088867225,-0.889124539,0.40330692,-1.1725,-0.2844,-0.0026,-0.2073,-0.1973
6/30/23,6.607527608,4.579685516,3.891853471,4.390520857,3.318513473,-0.356662612,1.926844794,0.453974599,2.2482,1.1082,3.0648,1.0267,2.1411
7/31/23,3.212494946,3.247446911,6.29333844,10.73560813,3.408531043,-0.069705848,1.608381736,0.408627886,2.2355,0.6604,2.4202,1.0462,1.7764
8/31/23,-1.592153226,-3.819590165,-6.131165703,0.596866812,-3.062149445,-0.638732542,-1.395800419,0.452506226,0.4588,-0.5482,-1.5257,0.4103,-0.7202
9/30/23,-4.767790349,-3.373065034,-2.574967159,4.115841212,-6.448458572,-2.541173608,-2.81048109,0.457702325,-0.4955,1.2156,-1.7987,0.3405,-0.6498
10/31/23,-2.10265368,-4.043869775,-3.874454513,-4.184749643,-4.622494586,-1.578116684,-1.454123997,0.445054708,-1.9445,-0.7261,-2.4849,-0.5942,-1.6036
11/30/23,9.13253964,9.298354734,8.019781689,-3.644865771,10.6712208,4.528628153,5.793309718,0.444516672,3.2466,-0.949,4.4106,1.7879,2.6318
12/31/23,4.543061779,5.329218545,3.946054438,-3.309050208,9.710257539,2.520972305,4.805236494,0.470625184,4.173,0.8623,4.4998,1.8673,3.1502