,US Equities,Non-US Developed Equities,Emerging Markets Equities,US Fixed Income,Non-US Developed Fixed Income,Emerging Markets Fixed Income,Commodity,REITs,Cash,Private Equity,Private Credit,Private Real Estate,Hedge Funds
3/31/84,1.349802623,9.186861931,,,,,4.90946715,,,,,,
4/30/84,0.546551074,-1.842314119,,,,,-1.124315795,,,,,,
5/31/84,-5.935645111,-10.33830066,,,,,2.903845195,,,,,,
6/30/84,1.746927931,-0.323870728,,,,,-2.25970218,,,,,,
7/31/84,-1.645123384,-6.606696647,,,,,-6.71641791,,,,,,
8/31/84,10.63321386,8.263228194,,,,,4.292358804,,,,,,
9/30/84,-0.347972162,-1.069737564,,,,,-0.784913354,,,,,,
10/31/84,-0.00602047,2.31161743,,,,,0.457207439,,,,,,
11/30/84,-1.511228852,0.194456652,,,,,0.379698287,,,,,,
12/31/84,2.23743734,1.829322658,,,,,-1.991925316,,,,,,
1/31/85,7.408514709,2.070003498,,,,,1.261809156,,,,,,
2/28/85,0.862884819,-0.760569736,,,,,-1.312817617,,,,,,
3/31/85,-0.287007396,7.568289904,,,,,4.32244054,,,,,,
4/30/85,-0.459426547,-0.521066003,,,,,-3.23465254,,,,,,
5/31/85,5.405104821,4.066515345,,,,,-0.010305294,,,,,,
6/30/85,1.213400158,2.390014384,,,,,-2.914122285,,,,,,
7/31/85,-0.484753714,4.975679756,,,,,-2.247876858,,,,,,
8/31/85,-1.199455269,3.032345175,,,,,1.497298618,,,,,,
9/30/85,-3.472406298,5.670512161,,,,,5.686848828,,,,,,
10/31/85,4.250878735,6.627809671,,,,,7.241113122,,,,,,
11/30/85,6.506163734,3.933870711,,,,,1.740556742,,,,,,
12/31/85,4.50610872,4.569666307,,,,,-1.809366954,,,,,,
1/31/86,0.236652783,2.345684036,,,,,-9.072975974,,,,,,
2/28/86,7.148928133,10.90993087,,,,,-3.484157606,,,,,,
3/31/86,5.279393619,13.90844309,,,,,-0.222087624,,,,,,
4/30/86,-1.414817915,6.402945542,,,,,5.633346823,,,,,,
5/31/86,5.022927989,-4.578029991,,,,,-3.754501571,,,,,,
6/30/86,1.410956135,6.672889024,,,,,3.781546055,,,,,,
7/31/86,-5.868282571,6.027573983,,,,,0.965275647,,,,,,
8/31/86,7.119261393,9.724284376,,,,,8.585430095,,,,,,
9/30/86,-8.543865892,-1.151613741,,,,,-2.527084232,,,,,,
10/31/86,5.472937921,-6.798478293,,,,,1.052833078,,,,,,
11/30/86,2.147717026,5.646155008,,,,,3.027325251,,,,,,
12/31/86,-2.828825937,5.190028117,,,,,-0.726261477,,,,,,
1/31/87,13.17673535,10.50943398,,,,,5.720635729,,,,,,
2/28/87,3.692314765,2.895119041,,,,,-6.004532963,,,,,,
3/31/87,2.638986629,8.093706865,,,,,8.078325393,,,,,,
4/30/87,-1.144977717,10.47940986,,,,,5.023603716,,,,,,
5/31/87,0.603412192,-0.088792503,,,,,4.617058178,,,,,,
6/30/87,4.791415101,-3.274301489,,,,,3.573600675,,,,,,
7/31/87,4.822335526,-0.266183845,,,,,4.462755126,,,,,,
8/31/87,3.495921514,7.405555039,,,,,-2.025440402,,,,,,
9/30/87,-2.41658581,-1.660786301,,,,,0.737532736,,,,,,
10/31/87,-21.76306691,-14.10597866,,,,,1.051809664,,,,,,
11/30/87,-8.534890186,0.868671493,,,,,-0.020908141,,,,,,
12/31/87,7.286148502,2.850729139,,,,,-2.777727264,,,,,,
1/31/88,4.043265339,1.673770311,9.84,,,,2.657888092,,,,,,
2/29/88,4.181738755,6.558000108,0.336853605,,,,-1.105047873,,,,,,
3/31/88,-3.334402459,6.036023093,10.74312676,,,,5.041637496,,,,,,
4/30/88,0.942562842,1.344061678,5.333879558,,,,3.099211604,,,,,,
5/31/88,0.317529439,-3.308616748,2.994710641,,,,3.531723416,,,,,,
6/30/88,4.32564248,-2.738767413,3.398534854,,,,-2.793410837,,,,,,
7/31/88,-0.541133455,3.030988502,-2.541815791,,,,0.591640958,,,,,,
8/31/88,-3.860010293,-6.603961939,-2.675560219,,,,-0.675545099,,,,,,
9/30/88,3.972889263,4.257886338,6.476205144,,,,-2.73071034,,,,,,
10/31/88,2.596485086,8.445962675,-0.643668185,,,,4.840715584,,,,,,
11/30/88,-1.889092017,5.848130996,-0.429465716,,,,5.746211084,,,,,,
12/31/88,1.468761418,0.454149145,2.661013232,,,,7.311964605,,,,,,
1/31/89,7.111479188,1.662886345,-1.260414441,,,,0.411558733,,,,,,
2/28/89,-2.894375903,0.416013996,7.644598298,,,,4.301106581,,,,,,
3/31/89,2.080591954,-2.060823594,9.969181294,,,,6.746796214,,,,,,
4/30/89,5.008917486,0.82660438,18.97770196,,,,3.175879791,,,,,,
5/31/89,3.513791343,-5.537471004,1.346715142,,,,-1.278273159,,,,,,
6/30/89,-0.792462249,-1.783814029,-12.13116411,,,,3.496732446,,,,,,
7/31/89,8.837065224,12.44747447,6.572365016,,,,-2.809807655,,,,,,
8/31/89,1.551635012,-4.591686504,2.325455919,,,,3.474353983,,,,,,
9/30/89,-0.654460094,4.449603511,12.60216188,,,,5.956147655,,,,,,
10/31/89,-2.517486043,-4.116676513,1.400140482,,,,-0.703758033,,,,,,
11/30/89,1.654101054,4.921103502,-4.659647178,,,,1.613290891,,,,,,
12/31/89,2.141651493,3.589809495,12.20634536,,,,9.132027577,,,,,,
1/31/90,-6.881665784,-3.8231172,3.289445284,,,,-0.437715422,,,,,,
2/28/90,0.853834674,-7.085722859,3.924436829,,,,-0.326544049,,,,,,
3/31/90,2.425503156,-10.5356287,-13.53253438,,,,0.73193729,,,,,,
4/30/90,-2.688681146,-0.923595904,7.213617971,,,,-1.048679235,,,,,,
5/31/90,9.198911729,11.2774928,8.216206837,,,,-0.738595066,,,,,,
6/30/90,-0.888630512,-1.00765232,3.455463802,,,,-1.547945943,,,,,,
7/31/90,-0.52234512,1.276075265,8.818970862,,,,8.253534221,,,,,,
8/31/90,-9.431365838,-9.842599491,-12.75815411,,,,16.58928905,,,,,,
9/30/90,-5.118456995,-14.08453927,-12.77090731,,,,22.93996577,,,,,,
10/31/90,-0.669825192,15.40184161,-1.857570653,,,,-6.051591847,,,,,,
11/30/90,5.993421053,-6.05429622,-5.215733015,,,,-6.564074476,,,,,,
12/31/90,2.482775743,1.463748746,4.225139581,,,,-1.964185337,,,,,,
1/31/91,4.15174732,3.06620663,8.083586699,,,,-9.387675699,,,,,,
2/28/91,6.728173386,10.56184587,14.79282015,,,,1.39048653,,,,,,
3/31/91,2.220257112,-6.137014544,4.111400677,,,,3.764175449,,,,,,
4/30/91,0.034672992,0.844180106,1.053575432,,,,2.265058647,,,,,,
5/31/91,3.857731755,0.904621556,7.845312038,,,,-0.051210117,,,,,,
6/30/91,-4.789317192,-7.481511139,-3.572163181,,,,-2.367884598,,,,,,
7/31/91,4.485991078,4.762203856,5.183447099,,,,5.105745826,,,,,,
8/31/91,1.964827631,-2.176233236,2.109105658,,,,1.541718139,,,,,,
9/30/91,-1.914321603,5.485767822,-3.833167825,,,,0.789246944,,,,,,
10/31/91,1.185968858,1.272076972,4.078893019,,,,2.868322662,,,,,,
11/30/91,-4.392804362,-4.812809693,-1.484935675,,,,-4.038972776,,,,,,
12/31/91,11.1588135,5.005579699,11.23606822,,,,-7.078592966,,,,,,
1/31/92,-1.990001681,-2.28125738,11.57688245,,,,2.74902919,,,,,,
2/29/92,0.956481323,-3.726956004,4.441318872,,,,-1.096562282,,,,,,
3/31/92,-2.183208142,-6.754803754,3.38487038,,,,1.117564774,,,,,,
4/30/92,2.789294456,0.305768751,-0.696392786,,,,2.996419277,,,,,,
5/31/92,0.096421256,6.523870743,-0.358205943,,,,2.686751756,,,,,,
6/30/92,-1.735933132,-4.903879713,-9.918987342,,,,-0.55125716,,,,,,
7/31/92,3.937399896,-2.734262217,1.087628576,,,,-1.393472503,,,,,,
8/31/92,-2.399754838,6.08633373,-4.662348133,,,,0.104519646,,,,,,
9/30/92,0.910562037,-2.142518606,0.341187449,,,,1.146634407,,,,,,
10/31/92,0.210603159,-5.403439285,5.350344387,,,,-2.198736613,,,,,,
11/30/92,3.026226002,0.780296367,-1.07862069,,,,-1.278725855,,,,,,
12/31/92,1.010756692,0.358463053,2.939289997,,,,0.225136564,,,,,,
1/31/93,0.704597094,-0.169627879,0.484924011,,,,1.212488405,,,,,,
2/28/93,1.048338575,2.866810395,1.676911463,,,,1.161798935,,,,,,
3/31/93,1.86972842,8.563341861,3.306464443,,,,2.084132516,,,,,,
4/30/93,-2.541679222,9.343754237,2.299735633,,,,-1.07447961,,,,,,
5/31/93,2.271746807,1.97900561,2.787465188,,,,-2.782658453,,,,,,
6/30/93,0.075545897,-1.687997616,2.96328842,,,,-3.129582767,,,,,,
7/31/93,-0.53272812,3.37335089,2.643307572,,,,-0.864635424,,,,,,
8/31/93,3.443242685,5.273665051,8.444003049,,,,0.823222145,,,,,,
9/30/93,-0.998834887,-2.371074894,3.656848338,,,,0.254708326,,,,,,
10/31/93,1.939337576,2.960185785,8.972673105,,,,-3.592998479,,,,,,
11/30/93,-1.291088367,-8.85831187,4.425212587,,,,-5.015461779,,,,,,
12/31/93,1.009116698,7.093497355,16.5282392,,,,-1.881182655,,,,,,
1/31/94,3.250101833,8.334264463,1.820632805,,,,8.142115151,,,,,,
2/28/94,-3.004546624,-0.390373705,-1.778947849,,,,-2.174255075,,,,,,
3/31/94,-4.574625289,-4.424011375,-9.049640555,,,,-1.190511588,,,,,,
4/30/94,1.153038562,4.121474956,-1.999897791,,,,2.618985525,,,,,,
5/31/94,1.239737695,-0.690782146,3.422621634,,,,1.487870179,,,,,,
6/30/94,-2.679079956,1.291693821,-2.756395173,,,,2.459918519,,,,,,
7/31/94,3.148985977,0.842036258,6.216944934,,,,1.721577227,,,,,,
8/31/94,3.759874307,2.247715833,12.41233423,,,,-6.739897106,,,,,,
9/30/94,-2.691980904,-3.269368592,1.136314289,,,,-0.941021427,,,,,,
10/31/94,2.087834638,3.202439273,-1.803400698,,,,0.450586854,,,,,,
11/30/94,-3.950501969,-4.926790317,-5.200559701,,,,-3.274484172,,,,,,
12/31/94,1.229937012,0.499497713,-8.030442804,,,,3.385523664,,,,,,
1/31/95,2.427744029,-3.968867406,-10.63911597,,,,-2.484940713,,,,,,
2/28/95,3.607415418,-0.423443662,-2.564870073,,,,0.8077075,,,,,,
3/31/95,2.73294543,6.089543823,0.63553627,,,,1.361884546,,,,,,
4/30/95,2.796029638,3.621072184,4.485528399,,,,3.062125144,,,,,,
5/31/95,3.631151522,-1.326884516,5.319187788,,,,-0.844383814,,,,,,
6/30/95,2.127878164,-1.892041993,0.296478666,,,,-1.784140989,,,,,,
7/31/95,3.177622763,6.083830302,2.243811368,,,,2.611495468,,,,,,
8/31/95,-0.032060628,-3.94282577,-2.355188855,,,,2.119830872,,,,,,
9/30/95,4.009753686,1.81695581,-0.474434229,,,,0.42233531,,,,,,
10/31/95,-0.497921065,-2.821431347,-3.827484821,,,,1.006494624,,,,,,
11/30/95,4.104918315,2.646179483,-1.783679155,,,,2.699624127,,,,,,
12/31/95,1.744354404,3.89476803,4.435194224,,,,10.22722043,,,,,,
1/31/96,3.261751053,0.284602573,7.107458422,,,,-0.161634992,,,,,,
2/29/96,0.693358699,0.207401691,-1.588974329,,,,4.008647551,,,,,,
3/31/96,0.791671345,1.991465221,0.778034334,,,,6.50038869,,,,,,
4/30/96,1.343129357,2.778961854,3.997941259,,,,5.773153447,,,,,,
5/31/96,2.285369596,-1.966870398,-0.445409409,,,,-0.789649025,,,,,,
6/30/96,0.225639612,0.433382574,0.623797306,,,,3.879741214,,,,,,
7/31/96,-4.574788568,-3.053908005,-6.833575037,,,1.074268313,-4.732412508,,,,,,
8/31/96,1.881396984,0.082644266,2.558970938,,,3.171813541,3.220382227,,,,,,
9/30/96,5.417276339,2.521811103,0.865620361,,,5.848475016,3.546558597,,,,,,
10/31/96,2.613070869,-1.155609474,-2.667173755,,,0.827649628,-0.247540454,,,,,,
11/30/96,7.337615381,3.842994713,1.676774884,,,4.925134909,8.32178524,,,,,,
12/31/96,-2.150537634,-1.417588648,0.45112782,,,1.08656284,0.964431159,,,,,,
1/31/97,6.131692632,-3.625987708,6.821357285,,,3.038337513,-1.470003739,,,,,,2.81
2/28/97,0.592780171,1.503188013,4.283645537,,,1.627373253,-6.893793334,,,,,,3.28
3/31/97,-4.261399021,0.227891882,-2.627963925,,,-3.332649011,1.686756137,,,,,,0.3
4/30/97,5.840552906,0.398569956,0.177881372,,,2.937845108,2.313386501,,,,,,0.71
5/31/97,5.857675162,6.371843317,2.860947832,,,3.390413314,0.715237775,,,,,,1.17
6/30/97,4.345251568,5.388595904,5.352917541,,,2.188373021,-5.410067343,,,,,,2.33
7/31/97,7.812335655,1.501292865,1.491651835,,,4.133307297,4.09693885,,,,,,6.47
8/31/97,-5.744584979,-7.584063925,-12.72512178,,,-0.481310164,2.529059959,,,,,,-2.05
9/30/97,5.315352374,5.47644615,2.771620393,,,2.769926512,2.52931206,,,,,,2.62
10/31/97,-3.447755679,-7.80831571,-16.4093413,,,-10.59161472,2.751252937,,,,,,-0.45
11/30/97,4.45865994,-1.149680853,-3.647670317,,,4.238157085,-9.859484237,,,,,,1.21
12/31/97,1.573163238,0.742683913,2.408245834,,,2.446062037,-6.757496095,,,,,,4.14
1/31/98,1.015024372,4.44403519,-7.841219076,,,0.480092178,-1.611711673,,,,,,0.88
2/28/98,7.04492594,6.288428147,10.437463,,,2.64381729,-6.598435478,,,,,,1.18
3/31/98,4.994568014,2.957733433,4.338262477,,,2.271598808,-0.519375469,,,,,,3.7
4/30/98,0.907646925,0.671436281,-1.089517601,,,0.230610511,-2.726752626,,,,,,-0.88
5/31/98,-1.882617495,-0.603712217,-13.70361083,,,-3.021312667,-4.717795385,,,,,,-1.3
6/30/98,3.943822079,0.637626653,-10.48961209,,,-2.534806768,-3.545559727,,,,,,-1.63
7/31/98,-1.161539547,0.896038066,3.169708072,,,0.582922298,-7.860829484,,,,,,1.12
8/31/98,-14.57967109,-12.50719149,-28.91401088,,,-27.34046618,-5.901703534,,,,,,-8.94
9/30/98,6.239553736,-3.20364362,6.345442474,,,8.642299939,10.22065167,,,,,,-0.27
10/31/98,8.029419573,10.28067962,10.53038411,,,6.389673255,-4.690987017,,,,,,3.26
11/30/98,5.91260342,4.995646541,8.316746463,,,6.855236217,-12.16744498,,,,,,1.52
12/31/98,5.63753083,3.821668188,-1.574879563,,,-1.937406855,-1.721138039,,,,,,3.34
1/31/99,4.10094124,-0.412753772,-1.499934554,,,-2.272398321,0.436497277,,,,,,7.24
2/28/99,-3.228251696,-2.501779654,0.979685991,,,0.984893365,-4.606408176,,,,,,1.01
3/31/99,3.879418249,4.051718355,13.26067344,,,6.629023979,16.89264568,,,,,,3.91
4/30/99,3.79439819,3.934298247,12.3874397,,,6.148132866,4.13268866,,,,,,5.66
5/31/99,-2.497041597,-5.262071788,-0.527282077,,,-5.163589245,-5.456896304,,,,,,-0.46
6/30/99,5.443833344,3.780168237,11.34538633,,,3.839322312,6.431665458,,,,,,4.53
7/31/99,-3.204609859,2.854582146,-2.762913053,,,-1.664473684,3.587372795,,,,,,-0.76
8/31/99,-0.625413932,0.250652233,0.950357912,,,0.066903057,7.038140963,,,,,,0.77
9/30/99,-2.855173772,0.892511502,-3.412064139,,,3.142341379,5.304061385,,,,,,1.52
10/31/99,6.253946722,3.633320751,2.121736137,,,3.539249368,-5.15712608,,,,,,1.85
11/30/99,1.906187405,3.368506888,8.978255722,,,2.679521693,4.046411135,,,,,,3.13
12/31/99,5.784392077,8.875471831,12.76250032,,,4.62166941,4.223763878,,,,,,7.67
1/31/00,-5.090352221,-6.444158018,0.570004907,,-0.0956,-1.538551198,7.230600667,,,,,,-0.75
2/29/00,-2.010814222,2.594515924,1.358067581,,0.509887452,5.374371116,6.247531809,,,,,,4.03
3/31/00,9.671989579,3.777799145,0.575545024,,1.066387289,2.718642925,-1.160665086,,,,,,0.91
4/30/00,-3.079582004,-5.355101799,-9.449889377,,0.121693341,-1.842839175,-0.910928773,,,,,,-2.97
5/31/00,-2.191499762,-2.540231909,-4.168828189,,0.412073447,-2.311977716,11.19744922,,,,,,0.22
6/30/00,2.39335492,3.802098475,3.379753251,,0.464681829,4.659252923,7.126656974,,,,,,1.83
7/31/00,-1.63412622,-4.289324834,-5.161082252,,0.549946391,2.855274629,-7.679780545,,,,,,-0.45
8/31/00,6.069903483,0.767414156,0.432313887,,0.077330141,3.189235007,15.40870327,,,,,,3.43
9/30/00,-5.348294766,-4.968471829,-8.736231999,,0.421739253,-1.078139439,-1.369030867,,,,,,-0.95
10/31/00,-0.494949565,-2.463790957,-7.252831944,,0.606781471,-2.029271331,0.225295369,,,,,,-0.19
11/30/00,-8.006856024,-3.85462597,-8.750504157,,1.40949142,-0.402606346,9.215366207,,,,,,0.67
12/31/00,0.405338606,3.44132019,2.412371555,,0.948270478,4.414658795,-2.061711567,,,,,,4.65
1/31/01,3.463659224,-0.074483414,13.76995321,,0.817782744,4.824002853,-5.307479614,,,,,,3.58
2/28/01,-9.229068601,-7.583993554,-7.830046876,,0.796923509,-1.331519098,-1.395862061,,,,,,-0.61
3/31/01,-6.420471958,-6.908268505,-9.82208041,,0.52311541,-1.118006304,-3.919310619,,,-7.7,0.55,3.13,-0.34
4/30/01,7.681435454,6.740912567,4.941196762,,-0.637392143,-0.483139911,5.370164041,,,,,,0.82
5/31/01,0.509019897,-3.816517918,1.193753688,,0.408937142,2.412412412,-2.848456949,,,,,,0.86
6/30/01,-2.500358332,-4.229477806,-2.052759216,,0.431093554,1.524777637,-7.234153034,,,-1.397616468,1.869716559,1.270241443,0.55
7/31/01,-1.077244736,-1.861904778,-6.31912328,,0.915907913,-5.179551362,0.239295313,,,,,,0.55
8/31/01,-6.410838569,-2.707211424,-0.343998015,,0.699958164,4.47761194,0.956081944,,,,,,0.44
9/30/01,-8.172338962,-10.25637689,-17.31737631,,0.633180611,-3.270165209,-10.95608511,,,-6.603669926,1.044615835,0.124473382,-1.61
10/31/01,1.809902588,2.533296405,7.868914654,,1.551588574,0.055256945,-5.042525088,,,,,,5.66
11/30/01,7.517597992,3.610418136,9.933547204,,-0.81588165,-1.280249021,-5.370820645,,,,,,2.42
12/31/01,0.757382948,0.575186567,8.435110341,,-0.549462274,1.195138077,-1.325597391,,,-2.164705882,0.425120773,2.534187626,2.21
1/31/02,-1.557382761,-5.354752251,3.388788677,,0.100039694,1.849432104,-3.11987864,,,,,,0.02
2/28/02,-2.076623606,0.574312463,1.642856525,,0.369839462,3.750123359,4.367954514,,,,,,1.03
3/31/02,3.673886133,5.11260278,6.025349518,,-0.700025627,0.109388376,13.48176732,,,-2.958152958,2.693861843,2.639432942,1.91
4/30/02,-6.141765224,0.444633951,0.639350018,,1.057216772,0.98341964,1.107079071,,,,,,1.12
5/31/02,-0.908145452,0.928069521,-1.593303858,,0.264687026,-0.517500941,-4.35119102,,,,,,0.5
6/30/02,-7.246462507,-4.140231909,-9.270381571,,1.045517417,-5.04587156,3.417419179,,,-3.370508055,-1.433389545,-0.009086779,0.01
7/31/02,-7.899495065,-9.943281174,-5.80503858,,1.029010445,-4.527117884,0.578176336,,,,,,-0.63
8/31/02,0.488141935,-0.47348256,0.712486045,,1.279291283,7.318727178,6.047936201,,,,,,2.37
9/30/02,-11.00244403,-10.87952784,-10.05532949,,1.206078636,-2.770621689,4.566566401,,,-6.411900487,3.74489117,1.463104326,0.31
10/31/02,8.64488274,5.303470747,6.488776319,,-0.159570242,6.154076888,-4.718528202,,,,,,1.76
11/30/02,5.706974801,4.420391206,6.047687613,,-0.057564188,2.835075822,-0.217069492,,,,,,2.87
12/31/02,-6.033257571,-3.418883941,-2.560734021,,1.320673211,3.072907126,8.530929838,,,-0.35626199,0.219880898,2.212270488,3.17
1/31/03,-2.7414809,-4.226896066,-0.435389485,,0.42777056,1.648376061,8.991200017,,,,,,1.19
2/28/03,-1.700373963,-2.47305151,-2.698991192,,0.804782077,3.199580383,12.1226363,,,,,,1.23
3/31/03,0.835760665,-2.390906127,-2.835465905,,-0.042775026,1.622193986,-14.41111879,,,-2.00770077,1.581497395,4.118471784,0.25
4/30/03,8.104412755,9.381534211,8.907211911,,0.339703041,5.697495103,-6.137157456,,,,,,4.91
5/31/03,5.089888441,5.657390259,7.177136707,,1.446260068,4.144321767,9.587686824,,,,,,6.78
6/30/03,1.132213791,2.188078464,5.699463924,,-0.538896739,-0.003786301,0.219461532,,,5.500982318,5.138588913,-0.067328733,0.71
7/31/03,1.622380708,2.313561979,6.262745805,,-1.451399298,-3.540325634,0.712160681,,,,,,0.65
8/31/03,1.787308844,2.159627675,6.711973225,,-0.54209585,2.433758587,4.086416817,,,,,,3.67
9/30/03,-1.194432595,2.915391438,0.733094145,,1.166110127,3.506418854,-4.083938086,,,2.59377494,2.9444492,3.360282971,2.7
10/31/03,5.496149482,6.170084822,8.509761112,,-0.75832387,0.488707886,2.190843298,,,,,,3.61
11/30/03,0.71285131,2.078026037,1.228873827,,0.231267077,1.230565176,2.558981781,,,,,,1.13
12/31/03,5.076545077,7.773091039,7.249628747,,0.637102338,2.937108749,6.24496954,,,7.77907429,4.506526981,4.5791575,4.42
1/31/04,1.727642276,1.370024893,3.551501411,,0.490770312,0.141427713,0.391822752,,,,,,2.02
2/29/04,1.220902991,2.184232807,4.612992906,,0.828189868,0.720262684,7.420400553,,,,,,1.98
3/31/04,-1.635893584,0.158228182,1.284921694,,0.221086545,2.495881095,2.009608943,,,2.574281246,7.176386347,3.054148812,1.81
4/30/04,-1.679082942,-2.553993475,-8.175726462,,-1.047378962,-5.431102295,2.757978496,,,,,,-2.28
5/31/04,1.208344622,-0.068155231,-1.969514138,,-0.131715011,-1.48276735,4.626884796,,,,,,0
6/30/04,1.798907806,1.992138334,0.456784912,,-0.028425707,1.468374876,-4.699987603,,,2.486220242,1.521787544,5.995312618,0.9
7/31/04,-3.429052277,-3.314590557,-1.768223204,,0.376522375,2.97022539,7.75265824,,,,,,0.19
8/31/04,0.228733253,0.179185664,4.186018919,0.1833,1.305252193,4.128311433,-3.883005704,,0.1833,,,,0.37
9/30/04,0.93639064,2.470401244,5.775679928,0.048910347,0.399689596,1.663461214,12.61393072,,0.048910347,3.375672274,6.164083065,3.808844508,3.17
10/31/04,1.401424752,3.350274325,2.395685471,0.137879705,0.495375717,1.609691338,4.148302144,,0.137879705,,,,1.54
11/30/04,3.859493895,6.636407981,9.262525854,0.044435367,0.219791629,0.699003756,-4.83734459,,0.044435367,,,,3.51
12/31/04,3.245812816,4.329061408,4.814151224,0.164815849,0.44021303,2.504135716,-9.988567356,,0.164815849,9.442107594,10.71699153,7.990930328,1.53
1/31/05,-2.529044821,-1.880732435,0.316511129,0.13949012,0.697889748,0.626562451,6.761556264,,0.13949012,,,,-0.03
2/28/05,1.890338365,4.144439467,8.780881388,0.109907676,-0.470229686,0.666687632,6.226208401,,0.109907676,,,,3.52
3/31/05,-1.911764706,-2.889796245,-6.588096458,0.205788661,0.409753333,-2.545999813,7.559269342,,0.205788661,1.496915141,5.766718507,6.540688427,-1.12
4/30/05,-2.010858977,-2.725183569,-2.665323536,0.276823527,0.997654479,1.577125272,-9.050868546,,0.276823527,,,,-0.26
5/31/05,2.99520249,-0.376447506,3.52083866,0.27665152,0.630508755,2.991668771,-0.732836091,,0.27665152,,,,1.03
6/30/05,-0.01426773,1.122466525,3.451901669,0.189470182,0.655493032,1.777178576,5.795195887,,0.189470182,5.779770802,0.576402776,8.414452075,1.49
7/31/05,3.59682036,3.015116877,7.075795611,0.149521179,-0.571073618,-0.246868979,5.49530896,4.432624113,0.149521179,,,,1.71
8/31/05,-1.122202596,2.262963164,0.900178698,0.332045696,0.603420078,1.940604817,15.14346741,-4.074702886,0.332045696,,,,1.07
9/30/05,0.694894004,4.272769934,9.324617407,0.185369316,-0.468823073,1.690499452,0.017949073,-0.701861459,0.185369316,5.463966086,3.32748538,7.447394514,4.27
10/31/05,-1.774074104,-2.965727564,-6.533532518,0.226696294,-0.536209424,-1.478979853,-10.32510095,-3.736939152,0.226696294,,,,-0.6
11/30/05,3.518612108,2.247652715,8.279704436,0.320045334,0.365703986,1.684397163,-3.847789668,3.945856212,0.320045334,,,,2.44
12/31/05,-0.09523962,4.606542,5.92378139,0.356876299,0.532250635,1.691368788,2.868541541,0.921375921,0.356876299,7.217507816,2.716622333,11.19655491,2.57
1/31/06,2.546683864,6.097161048,11.23051215,0.287909354,-0.292946605,1.197416552,4.334102855,6.262933658,0.287909354,,,,5.06
2/28/06,0.045309668,-0.345051958,-0.095739202,0.281393234,0.024677338,2.222473243,-10.10438768,1.082536228,0.281393234,,,,1.08
3/31/06,1.106460731,2.884306368,0.896415308,0.351668091,-0.868366121,-1.897894911,5.130406485,5.371713509,0.351668091,5.007081563,3.024960053,7.625633933,1.44
4/30/06,1.218692801,4.513990463,7.13627882,0.351106503,-0.47020733,-0.084480865,6.333438199,-4.748332975,0.351106503,,,,3.12
5/31/06,-3.091690129,-4.367454203,-10.45642099,0.35006904,0.28900692,-2.048983963,-0.769632581,-3.466380624,0.35006904,,,,-1.88
6/30/06,0.008660804,-0.210703604,-0.212035255,0.337619232,-0.156866117,-0.005754733,1.162445695,3.006023744,0.337619232,2.991113932,6.2306129,5.945853324,0.29
7/31/06,0.508581326,0.920584561,1.470585775,0.485757315,0.689745332,3.271754144,2.005213328,2.889910861,0.485757315,,,,1.53
8/31/06,2.127426253,2.491303162,2.597874773,0.453302226,1.221934648,2.602468723,-7.257489584,4.701467829,0.453302226,,,,0.42
9/30/06,2.456627449,-0.012377248,0.840602862,0.449659467,0.468525818,0.559432963,-10.70643058,0.0527037,0.449659467,4.036668978,1.419725117,5.409995148,-0.23
10/31/06,3.15080286,3.839607011,4.755025201,0.39461365,0.124000807,1.639255718,-2.568262752,5.588916983,0.39461365,,,,1.87
11/30/06,1.646660958,2.792427045,7.447529547,0.422595834,0.550898771,1.482623021,5.528091821,4.659516089,0.422595834,,,,2.84
12/31/06,1.261575148,3.089237873,4.512347593,0.383337261,-0.487511134,0.981829607,-7.117884463,-2.512035845,0.383337261,9.72972973,5.524944155,17.38780207,1.97
1/31/07,1.405908482,0.636440004,-1.010066798,0.397492131,-0.14033101,-0.134823304,-2.289875989,6.419910033,0.397492131,,,,0.54
2/28/07,-2.184614529,0.698343073,-0.579267625,0.422981861,0.887490314,1.225432926,4.297011607,-0.252699288,0.422981861,,,,0.84
3/31/07,0.997995479,2.152663747,4.005814726,0.424500197,-0.10755555,0.974633871,3.234300333,-3.169046522,0.424500197,5.870841487,2.079217236,2.999705911,1.37
4/30/07,4.329068311,4.092705934,4.758573771,0.405636929,0.100467991,0.866163733,-0.275042154,0.299686043,0.405636929,,,,2.4
5/31/07,3.25492286,1.243856501,4.883866815,0.425634429,-0.60326341,-0.385293377,-1.553386087,-2.18164572,0.425634429,,,,2.72
6/30/07,-1.781630973,-0.042670917,4.730054081,0.424826218,-0.296146363,-1.888414187,3.221255673,-8.732121212,0.424826218,8.566511569,8.493087558,6.925541702,1.13
7/31/07,-3.198190707,-1.53562113,5.328129772,0.440155763,0.99785753,-0.901829425,5.545982989,-8.882277943,0.440155763,,,,2.1
8/31/07,1.286359232,-1.805549073,-2.092434704,0.658821122,0.986409436,1.211648466,-4.186840933,6.92630597,0.658821122,,,,-1.14
9/30/07,3.579400132,5.170344317,11.0519967,0.492687259,0.188999934,2.270975697,10.22581673,4.492911668,0.492687259,3.317090354,2.255447479,-0.537028246,3.92
10/31/07,1.482233503,3.841177695,11.1598395,0.332969578,0.624198714,2.38382316,9.606929832,-1.99332081,0.332969578,,,,3.07
11/30/07,-4.404342382,-3.451598958,-7.084272818,0.717404011,1.134651394,-0.370470326,-3.697266223,-9.179001171,0.717404011,,,,0.38
12/31/07,-0.863524042,-2.295049386,0.359066165,0.240299351,0.055860871,0.623029945,5.765249395,-5.504748505,0.240299351,3.096942834,-0.228462241,-2.887569728,1.21
1/31/08,-6.115708108,-9.285906231,-12.4501177,0.824010517,1.433720982,0.854115171,-0.025487859,-1.613003288,0.824010517,,,,0.6
2/29/08,-3.476116209,1.269157824,7.417583178,0.343224679,0.547219003,-0.177141471,11.25847138,-3.102339366,0.343224679,,,,4.85
3/31/08,-0.595958305,-1.518755885,-5.282896398,0.312962084,0.206359176,-0.041325328,-1.174168015,5.713542006,0.312962084,-1.510224329,-1.711145343,-3.087083397,-1.33
4/30/08,4.754668481,4.949900633,8.131533433,0.004228852,-1.078548987,1.011673152,7.964568452,5.657125269,0.004228852,,,,1.35
5/31/08,1.067415325,0.277795762,1.884234818,0.003538277,-0.794788027,0.122785054,9.103948962,-1.124446516,0.003538277,,,,1.82
6/30/08,-8.596238164,-8.309742725,-9.962386249,0.135916817,0.139971493,-1.92608267,9.216529801,-11.3075246,0.135916817,-0.878616599,0.779396815,-2.196513471,1.05
7/31/08,-0.9859375,-3.276220601,-3.692910156,0.251643438,0.866888192,1.113127053,-12.22631681,4.610682966,0.251643438,,,,-1.44
8/31/08,1.219050324,-4.292645602,-7.954835944,0.177771359,1.048482242,0.807468477,-7.10224612,1.867140861,0.177771359,,,,-1.05
9/30/08,-9.079145327,-14.71177237,-17.48955756,0.35559827,0.461930391,-6.843383927,-12.44197689,1.41521197,0.35559827,-7.61630533,-9.604068594,-3.837054801,-3.48
10/31/08,-16.94245345,-20.23859458,-27.35325294,0.349378882,0.493022186,-14.89103491,-28.19855596,-32.29237106,0.349378882,,,,-3.37
11/30/08,-7.484903226,-5.697696288,-7.520638131,0.381308634,2.227547004,2.478686933,-14.84079596,-19.01216633,0.381308634,,,,1.42
12/31/08,0.782156565,5.922656946,7.826944685,0.234112719,1.913464059,7.768369945,-13.31963216,15.82959641,0.234112719,-14.9483591,-15.84135398,-23.07484919,1.9
1/31/09,-8.565745918,-9.881984041,-6.417176492,0.017022026,-1.183055695,0.85160156,-8.938872581,-16.2601626,0.017022026,,,,1.47
2/28/09,-10.9930996,-10.53602064,-5.624483044,-0.02853456,0.24538166,-1.193070386,-6.100434577,-19.93758669,-0.02853456,,,,-0.21
3/31/09,8.540449667,5.872418241,14.38460493,0.140511414,0.80996756,3.738214699,4.505459122,4.330879168,0.140511414,-4.296903068,-2.209944751,-6.956978884,2.47
4/30/09,9.392506374,12.2706841,16.65632081,0.109105118,-0.303415387,5.38665958,-0.918654873,27.17586827,0.109105118,,,,2.51
5/31/09,5.308119143,11.08634472,17.14497458,0.03903227,-0.657401957,3.784955998,19.66516859,0.337286476,0.03903227,,,,4.81
6/30/09,0.019605285,-0.770168196,-1.327191842,0.037750254,0.563244842,1.319306089,0.571099596,-3.762741271,0.037750254,1.922066221,8.593220339,-11.11215745,-0.23
7/31/09,7.414164011,9.045788295,11.31625986,0.058250214,0.496295448,3.086256924,0.443080806,9.847887324,0.058250214,,,,2.64
8/31/09,3.356017337,5.161019133,-0.331114303,0.069606449,0.743258186,1.900530381,-2.364280536,16.5452867,0.069606449,,,,0.94
9/30/09,3.572338383,3.594078399,9.093373995,0.056658179,0.446635161,4.91724689,0.172646665,3.819750044,0.056658179,4.987108656,10.67582332,-1.9387647,2.84
10/31/09,-1.976198585,-1.294731419,0.13293065,0.037666466,-0.093287295,0.147957963,5.872757674,-6.256358087,0.037666466,,,,1.04
11/30/09,5.736399695,1.750708242,4.300596078,0.073956834,0.804383668,1.047211419,1.524339291,5.416892747,0.073956834,,,,2.2
12/31/09,1.777059774,1.359025049,3.961436093,-0.04427397,-0.975454239,0.320368101,0.864322078,8.818735524,-0.04427397,5.423800168,6.06402482,-4.55920484,0.84
1/31/10,-3.69742624,-4.438016034,-5.560985986,0.104165702,0.616577521,0.36863989,-7.89439035,-5.38431218,0.104165702,,,,-0.28
2/28/10,2.851369346,-0.878562479,0.372943394,0.011188054,0.365555257,1.415759129,5.558418322,3.999333444,0.011188054,,,,0.53
3/31/10,5.879636755,5.806097565,8.081212157,-0.003364452,0.056997879,2.332975386,1.935392695,8.083640442,-0.003364452,3.600665557,4.644772415,0.033959701,1.62
4/30/10,1.475932719,-2.098807078,1.233882484,0.019598591,0.266954238,0.761301208,2.774989291,7.012082129,0.019598591,,,,0.84
5/31/10,-8.19759162,-12.06275191,-8.752554003,0.055504443,0.991336405,-1.578485226,-13.18920902,-5.873796495,0.055504443,,,,-1.3
6/30/10,-5.38823767,-1.159648605,-0.717261178,0.051943511,0.631773368,2.006307316,0.417185571,-6.181470307,0.051943511,1.25273031,0.220236331,-0.260269322,0.27
7/31/10,6.877783276,9.405577531,8.39837658,0.041499632,0.532949524,4.11674972,5.63014208,8.730096478,0.041499632,,,,1.49
8/31/10,-4.744916485,-3.335124912,-1.908433122,0.048116245,1.527382455,2.326671746,-5.524778602,-1.637570336,0.048116245,,,,0.86
9/30/10,8.755110404,9.489121018,11.12649515,0.025935025,-0.207044667,1.676212295,8.488181772,4.899156582,0.025935025,5.361334941,4.128808689,2.938506921,3.42
10/31/10,3.685594111,3.549171163,2.912351931,0.03532626,-0.276546318,1.7199294,2.556782139,3.334964693,0.03532626,,,,1.69
11/30/10,-0.229028278,-5.028384932,-2.635760805,0.001593734,-1.229348637,-3.184184295,1.082465878,-3.146143437,0.001593734,,,,0.16
12/31/10,6.5300072,8.022928526,7.147730432,0.022060279,-0.26563964,-0.331750844,9.402613935,3.793223891,0.022060279,6.871010478,4.736201299,3.93475146,2.15
1/31/11,2.264559015,2.296729011,-2.694077036,0.050484255,-0.359965861,-0.543280727,3.051757348,4.630502086,0.050484255,,,,-0.05
2/28/11,3.195658259,3.102137768,-0.917772288,0.024391205,-0.012716468,0.294281703,3.745537883,4.547793645,0.024391205,,,,1.48
3/31/11,-0.104730188,-2.656381068,5.895203096,0.028491365,-0.065501435,1.269561215,4.351435919,-1.415123362,0.028491365,5.522060066,4.572402836,3.764581124,0.77
4/30/11,2.849535763,5.578544956,3.123724929,0.055374789,0.471207296,1.391887286,4.411719909,5.535792299,0.055374789,,,,1.7
5/31/11,-1.350092768,-3.5982045,-2.583188318,0.031816602,0.853790438,1.466166116,-6.888426219,0.786516854,0.031816602,,,,-1.21
6/30/11,-1.825750818,-1.429010884,-1.496295904,0.021678629,-0.078350475,1.121010198,-5.3053803,-4.72921434,0.021678629,4.448123031,2.560492089,4.363822177,-1.03
7/31/11,-2.147443664,-1.65372949,-0.376084212,-0.021590247,0.758459401,1.945936106,2.434881567,1.28102482,-0.021590247,,,,0.9
8/31/11,-5.67910979,-9.301936008,-8.899745841,0.095754173,1.430974962,0.53210485,-1.84461304,-5.028884159,0.095754173,,,,0.23
9/30/11,-7.176201298,-9.861813865,-14.56258664,-0.017142332,0.786036274,-4.200561259,-12.16878638,-13.83019593,-0.017142332,-3.95194274,-4.559578004,-0.377007442,-1.64
10/31/11,10.77230383,9.587931565,13.25563213,0.030108768,-0.562341577,4.508964162,9.746195633,12.01515827,0.030108768,,,,2.08
11/30/11,-0.505864518,-5.164477237,-6.659222225,0.021905897,-0.301263999,-0.585428161,1.416560415,-3.800995025,0.021905897,,,,-0.04
12/31/11,0.853275165,-1.031311266,-1.195688518,0.006185807,1.310676423,1.179535681,-2.107454933,3.689146325,0.006185807,2.427210305,1.449878861,2.270605003,-0.28
1/31/12,4.358301527,5.251736988,11.36199846,0.015630734,0.526653741,1.761904762,2.232247399,6.351000865,0.015630734,,,,2.3
2/29/12,4.058944994,5.443862633,6.008479993,-0.013873242,0.182605396,2.95152429,6.06346386,-0.544022011,-0.013873242,,,,1.45
3/31/12,3.133237655,-0.906953464,-3.32690567,0.007606266,-0.358481862,0.09427292,-2.350251598,4.143351147,0.007606266,5.58644702,3.981491847,2.710365707,-0.14
4/30/12,-0.749749728,-2.397825321,-1.16729901,0.027246749,0.546902985,1.75586128,-0.513277652,2.565805361,0.027246749,,,,-0.25
5/31/12,-6.265067136,-12.09071256,-11.16256928,0.021139724,1.138767832,-2.771809196,-12.97799164,-5.444699511,0.021139724,,,,-1.55
6/30/12,3.955492128,6.788950507,3.906496751,-0.000668308,-0.270567544,3.568210795,1.201367505,4.743525896,-0.000668308,1.136922925,1.195004665,1.356852103,0.48
7/31/12,1.259763904,1.067616037,2.022689367,0.040098777,0.852193825,4.003348434,6.373501499,1.747295852,0.040098777,,,,0.98
8/31/12,1.976336166,2.358954183,-0.289013471,0.007181484,0.134811227,1.159982955,6.365187759,0.005841121,0.007181484,,,,1.3
9/30/12,2.423609038,2.597528812,6.053972752,0.025049891,0.274098293,1.472744859,-1.42224533,-1.810641902,0.025049891,2.798189693,4.028511649,1.814153164,1.08
10/31/12,-1.978940354,0.759355014,-0.596364933,0.008013958,0.04666786,0.81639556,-4.065772627,-0.446136458,0.008013958,,,,-0.12
11/30/12,0.284670292,2.200889088,1.276955095,0.021034953,0.581183431,1.552468242,1.476999421,-1.230879541,0.021034953,,,,0.62
12/31/12,0.706831053,3.103018749,4.901547165,0.028457978,-0.05196117,0.867793095,-0.648355032,2.456140351,0.028457978,3.020261314,3.814555991,2.276024664,1.2
1/31/13,5.042806358,5.194902251,1.394287359,0.024778929,-0.349887764,-1.361779752,4.3574466,4.670524327,0.024778929,,,,1.89
2/28/13,1.106060303,-1.157424293,-1.241978336,0.007173266,0.530117927,-0.14267779,-4.385260345,1.336943645,0.007173266,,,,-0.02
3/31/13,3.59877994,0.389897255,-1.700695206,0.023686761,0.654272749,-0.751560808,0.7696726,2.894678245,0.023686761,3.446374414,3.648125041,2.79280078,0.55
4/30/13,1.808576399,4.736840518,0.792909998,0.02634945,0.78650474,2.833218757,-4.730082559,5.653538195,0.02634945,,,,0.64
5/31/13,2.076278348,-2.929083464,-2.518489722,0.00141716,-1.222065182,-3.81031409,-1.489111062,-5.898919556,0.00141716,,,,0.74
6/30/13,-1.499932546,-3.719031997,-6.318614334,0.00700234,-0.925483373,-5.03079679,0.233570769,-2.296348697,0.00700234,2.767412935,2.718200539,3.458685527,-1.57
7/31/13,4.946211121,5.235890944,1.098922913,0.034675827,0.338611686,0.949605601,4.913731977,1.79337232,0.034675827,,,,0.89
8/31/13,-3.129801332,-1.589300875,-1.67816423,0.007499381,-0.213497055,-2.679875551,3.376023065,-8.737757838,0.007499381,,,,-0.29
9/30/13,2.974947488,7.122245848,6.53477298,0.030328557,0.614720854,2.669577363,-3.391642559,3.01558753,0.030328557,5.074562351,3.676402554,2.592746978,0.16
10/31/13,4.459575986,3.308770449,4.87314524,-0.004414632,0.701770338,2.669694552,-1.442867217,4.318221498,-0.004414632,,,,1.09
11/30/13,2.804946087,0.560128739,-1.454431889,-0.000749688,-0.022813981,-2.280181796,-0.779562304,-6.415620642,-0.000749688,,,,0.62
12/31/13,2.35628333,1.412927754,-1.437656379,0.019158828,-0.559401234,0.583611148,1.927378753,-0.476900149,0.019158828,7.005635773,4.25405325,4.753778645,0.8
1/31/14,-3.558289511,-4.06998007,-6.471293676,0.016823225,1.290149141,-1.019431083,-1.636453878,5.444743935,0.016823225,,,,-0.38
2/28/14,4.311703757,5.34626944,3.333623009,0.012157316,0.302827425,3.24370345,4.508239772,5.385139741,0.012157316,,,,1.3
3/31/14,0.693215736,-1.043010095,3.092047916,0.025727081,0.130157584,1.261233909,0.139769681,-0.350366537,0.025727081,3.57911733,4.097588814,2.815918082,-0.4
4/30/14,0.620079686,1.094826609,0.37227763,0.022307717,0.472517335,1.559080205,0.741622054,2.380050847,0.022307717,,,,0.01
5/31/14,2.103028212,1.029895194,3.513245915,0.002829452,0.635333801,3.195367964,-0.175445077,2.3617055,0.002829452,,,,0.93
6/30/14,1.905831345,0.792621724,2.702128815,0.009153851,0.330995624,0.741316429,2.117081745,1.754929287,0.009153851,4.375904688,3.100243963,4.08178663,0.81
7/31/14,-1.507986308,-2.001082891,2.015732358,0.011566081,0.370034211,0.401547236,-5.297207071,-1.592776707,0.011566081,,,,0.35
8/31/14,3.765532173,-0.415813976,2.293524148,0.015308725,1.100690694,0.2290751,-1.63953922,2.969072165,0.015308725,,,,0.83
9/30/14,-1.551385915,-4.080667731,-7.391533721,0.016886932,-0.104650047,-2.409113205,-6.023830125,-7.428914698,0.016886932,0.583173316,0.436031054,2.163827474,0.91
10/31/14,2.320145618,-1.502489575,1.190675793,-0.006404306,0.560319581,1.647281413,-5.983732903,10.15033528,-0.006404306,,,,-0.31
11/30/14,2.45335844,1.175958589,-1.051732081,0.010314089,1.023514413,-0.603778578,-10.9204115,0.942608866,0.010314089,,,,1.59
12/31/14,-0.418851206,-3.524470844,-4.561459126,-0.015386368,0.732155595,-2.654251227,-13.63036939,1.473663732,-0.015386368,3.111079686,1.890088945,3.88122184,0.06
1/31/15,-3.104084705,0.440175714,0.607593197,0.043670738,1.6999806,0.343555841,-7.496478283,6.978527607,0.043670738,,,,1.75
2/28/15,5.489250573,5.809170357,3.108370425,0.003492134,-0.632321471,1.245459669,6.465243381,-3.409498208,0.003492134,,,,1.05
3/31/15,-1.739605607,-1.957347389,-1.402008002,0.008148028,0.681006914,0.459734734,-6.805438295,2.57896934,0.008148028,2.869779881,2.855287088,3.200027321,1.14
4/30/15,0.852076271,3.734164714,7.71659267,0.034751002,-0.585791363,1.97049223,11.05778969,-6.032104906,0.034751002,,,,0.07
5/31/15,1.049143855,-1.011935045,-3.985235005,0.014211381,-0.553065428,-0.536047735,-1.986999954,-0.158798903,0.014211381,,,,0.89
6/30/15,-2.101177286,-2.976719857,-2.520973247,0.015705083,-1.010736546,-1.692482545,-0.112268995,-4.593213804,0.015705083,5.03616305,2.323877845,3.292739427,-0.97
7/31/15,1.974203993,2.024117182,-6.870416327,0.002160148,1.042186752,0.410030455,-14.10209239,4.708259662,0.002160148,,,,0.82
8/31/15,-6.258080462,-7.604350431,-9.009880377,0.002741668,-0.211650384,-1.075468621,0.29954889,-7.608433444,0.002741668,,,,-0.29
9/30/15,-2.644281962,-5.320289522,-2.972686322,0.073109132,0.839214652,-1.894908696,-6.326606387,2.120104439,0.073109132,-0.463286159,-1.204670567,1.316759043,-0.12
10/31/15,8.298307839,7.738580379,7.140181406,-0.014279073,0.196758787,3.698932554,0.22944959,5.512374719,-0.014279073,,,,0.99
11/30/15,0.050496307,-1.72978298,-3.893996538,-0.049402684,0.026372558,-0.057548462,-8.965947219,0.741494621,-0.049402684,,,,0.3
12/31/15,-1.753019837,-1.420830525,-2.1725115,0.014122029,-0.182608288,-1.503039812,-8.629575172,-0.038485592,0.014122029,2.904233614,0.014992129,2.937642297,-0.5
1/31/16,-5.073534448,-7.272233956,-6.481817916,0.10374073,1.708355484,-0.198684442,-5.17074654,-2.642090572,0.10374073,,,,-0.03
2/29/16,-0.412835526,-2.092232714,-0.152610049,0.039909991,1.05423539,2.021275833,-2.010757985,-1.596638655,0.039909991,,,,1.13
3/31/16,6.599110872,6.024303943,13.25760593,0.092146177,0.450959266,3.336095047,4.930468138,9.805596021,0.092146177,0.889122959,0.737002523,2.227137284,0.72
4/30/16,0.269936982,2.490609979,0.563442963,0.066622252,-0.169405259,1.91417867,10.14011291,-1.363282858,0.066622252,,,,1.59
5/31/16,1.532949208,-1.49641691,-3.710476444,-0.006376241,0.52977506,-0.298178573,2.218146797,3.738231065,-0.006376241,,,,-0.05
6/30/16,0.090607355,-3.560879387,4.095043394,0.142025339,1.930026241,3.731231924,0.080159446,6.616890955,0.142025339,2.229318922,2.50483607,1.553578941,1.33
7/31/16,3.560980723,5.014839609,5.08983577,0.02174909,0.203618929,1.555490485,-9.567942781,4.755315134,0.02174909,,,,1.78
8/31/16,-0.121917556,-0.209814197,2.518447408,0.017031705,-0.369737364,1.798286241,1.769071893,-3.886954085,0.017031705,,,,0.06
9/30/16,-0.12344826,0.956391501,1.315586915,0.058030197,-0.123667856,0.339001478,4.144628205,-2.011661808,0.058030197,3.883815932,3.61463273,2.893919219,0.68
10/31/16,-1.942562504,-2.113855964,0.247199359,0.052130795,-1.178606067,-1.464285205,-1.49719462,-4.569218345,0.052130795,,,,-0.08
11/30/16,3.417444677,-2.164230546,-4.596981444,-0.005780118,-1.497402017,-4.165753617,2.534969539,-1.616782469,-0.005780118,,,,-0.15
12/31/16,1.820075404,3.333869628,0.289972581,0.050455087,0.116361671,1.43754772,4.715308041,3.757526371,0.050455087,3.177678184,-0.394620091,1.84050844,1.29
1/31/17,1.788434137,2.872638661,5.477325391,0.095824574,-0.708186781,1.436469516,-1.412892259,0.008726384,0.095824574,,,,1.07
2/28/17,3.719826054,1.195597519,3.068867082,0.046340961,0.825580331,2.075797744,0.232380829,3.922167445,0.046340961,,,,1.07
3/31/17,-0.038923017,2.275234181,2.549386609,-0.011456245,-0.173330101,0.347165505,-3.914606092,-3.362720403,-0.011456245,4.282031162,3.378109103,3.925112247,0.51
4/30/17,0.90912169,2.271158269,2.209954226,0.061656499,0.508479283,1.631081611,-2.10619004,0.994830358,0.061656499,,,,0.24
5/31/17,1.157621005,3.073471808,2.977317888,0.045307726,0.299188729,0.829463961,-1.536286866,-2.292670337,0.045307726,,,,-0.22
6/30/17,0.481383199,-0.363168275,1.074571531,0.068671874,-0.364782354,-0.256522347,-1.921731317,1.175434735,0.068671874,5.191873589,3.068166357,2.757927343,-0.14
7/31/17,1.934876888,2.852492601,6.041235357,0.11626711,0.122292264,0.657861712,4.584772974,0.078322165,0.11626711,,,,1.14
8/31/17,0.054649233,-0.314309299,2.267888369,0.103639463,0.787161136,1.727323,-0.77684954,-1.460869565,0.103639463,,,,1.36
9/30/17,1.930289483,2.22624096,-0.37492934,0.070690874,-0.663584657,-0.013238743,3.32158647,-0.600070597,0.070690874,4.230533415,1.667730083,3.68343117,0.63
10/31/17,2.218817477,1.455879263,3.51188469,0.071953661,0.302400548,0.179182233,3.818082096,-1.26953125,0.071953661,,,,0.79
11/30/17,2.808260137,0.878008393,0.206208155,0.04460051,0.164438658,-0.26639183,1.38207464,2.845967089,0.04460051,,,,0.19
12/31/17,0.983161982,1.518068883,3.641678887,0.087194461,-0.018462251,0.630652255,4.412407914,-0.419672131,0.087194461,4.25245098,3.601030102,3.170028818,0.82
1/31/18,5.617872465,4.986436733,8.342087199,0.106196139,-0.708693719,-0.196236395,3.419201567,-4.113437816,0.106196139,,,,2.04
2/28/18,-3.89473796,-4.706130629,-4.597693577,0.058153706,0.035026118,-1.959203273,-3.339627786,-7.073528065,0.058153706,,,,-0.96
3/31/18,-2.688451377,-2.244741818,-1.83365017,0.14893737,0.856972201,0.376298019,2.221593592,3.690200522,0.14893737,3.296109087,0.219330311,2.788352203,-0.34
4/30/18,0.2718801,1.893816409,-0.423886965,0.122025376,-0.390585744,-1.462361749,5.037083705,2.062149577,0.122025376,,,,0.76
5/31/18,2.160835332,-2.812987867,-3.5194703,0.176333918,0.132665993,-1.083944228,1.447269552,5.600558659,0.176333918,,,,-0.04
6/30/18,0.48424002,-1.385965447,-4.088302584,0.159991797,0.208891662,-1.00459646,1.35521233,3.306440947,0.159991797,3.855520404,2.515736379,0.101005243,0
7/31/18,3.602158647,2.420950389,2.284867451,0.164448695,-0.281149741,2.060482077,-3.530598807,-0.661460334,0.164448695,,,,0.45
8/31/18,3.026321863,-2.194000717,-2.67458023,0.19078474,-0.002965545,-1.922565068,1.077322949,2.568949222,0.19078474,,,,-0.05
9/30/18,0.429430092,0.588886698,-0.497559284,0.127190515,-0.452016334,1.767831917,3.928725898,-3.057463562,0.127190515,3.414345511,1.573650503,2.347203536,0.3
10/31/18,-6.940335898,-8.027563537,-8.699829878,0.185328035,0.01386635,-2.23071428,-5.843340818,-5.448025577,0.185328035,,,,-0.22
11/30/18,1.78593818,-0.308685902,4.128167789,0.205485312,0.485688228,-0.392605639,-11.28093759,4.103267078,0.205485312,,,,-0.54
12/31/18,-9.177695577,-4.956242287,-2.588790511,0.240180933,1.232551121,1.46101261,-7.751881515,-10.23570206,0.240180933,-0.046621035,-1.423166997,1.375554564,-0.22
1/31/19,7.868440473,6.466568802,8.763430245,0.250613477,0.593199449,4.418508755,8.988826255,12.49816635,0.250613477,,,,2.31
2/28/19,2.972893014,2.327808801,0.23398575,0.192359327,-0.134061524,0.621729826,3.81335271,-0.982309732,0.192359327,,,,0.44
3/31/19,1.792428775,0.091420254,0.858730062,0.252466872,1.521067911,1.45218677,1.609192359,2.045564286,0.252466872,3.394322302,2.865090968,2.306249566,0.46
4/30/19,3.931343494,2.45605098,2.124068189,0.199964731,-0.314053202,0.120131372,2.849165474,-0.864627694,0.199964731,,,,0.55
5/31/19,-6.577772648,-5.417704582,-7.224581663,0.24678931,1.384804955,0.572945403,-8.213451324,-2.889872429,0.24678931,,,,0.41
6/30/19,6.893018321,5.772489985,6.322295159,0.311719014,1.016204836,3.044631473,4.430431355,0.764075067,0.311719014,4.119504593,1.387709982,1.817441097,2.27
7/31/19,1.312819537,-1.309827683,-1.139953171,0.135973075,0.618141526,1.150008494,-0.21178322,0.532127178,0.135973075,,,,0.25
8/31/19,-1.809165274,-2.875092036,-4.847081933,0.279564433,2.253340041,0.547967067,-5.622822097,2.064311235,0.279564433,,,,0.88
9/30/19,1.718116769,2.538782609,1.941920771,0.152602283,-0.663674482,-0.360340637,1.749143583,3.379575608,0.152602283,2.424325974,1.049413964,1.342639932,-0.26
10/31/19,2.043174748,3.499690617,4.227365587,0.274265574,-0.515265085,0.370916704,1.244666937,2.307595836,0.274265574,,,,0.81
11/30/19,3.404706409,0.971161474,-0.131018957,0.097846743,-0.421679294,-0.164265733,-0.012505799,-1.221754587,0.097846743,,,,0.12
12/31/19,2.858980318,3.163913677,7.526389768,0.157766819,-0.638707374,1.876590831,6.987942159,0.591544635,0.157766819,4.44931549,1.762971812,2.958982233,2.05
1/31/20,-0.162808981,-2.122095558,-4.657580173,0.173183977,1.930980571,1.740382575,-10.82492464,-0.773121684,0.173183977,,,,0.43
2/29/20,-8.411046901,-9.229072998,-5.267625824,0.296194819,1.425026067,-0.813296116,-8.389239967,-8.645198724,0.296194819,,,,-0.79
3/31/20,-12.51193208,-13.8209511,-15.37713924,0.562573869,0.009193639,-13.34832263,-29.42536911,-27.18776936,0.562573869,-7.142594161,-7.550742199,-4.806237883,-2.32
4/30/20,12.68441029,6.289921835,9.176800691,0.037910151,0.644429609,3.136070288,-9.671541273,7.900311526,0.037910151,,,,3.51
5/31/20,4.528177501,4.066071231,0.789326129,0.000309986,-0.044106635,5.735229342,16.37310836,0.675597644,0.000309986,,,,2.05
6/30/20,1.838840328,3.216127965,7.402623708,0.023713853,0.21183459,2.911931151,5.090703987,2.638371093,0.023713853,9.153086713,4.941836651,0.125327306,1.5
7/31/20,5.510129698,2.225924658,9.025654539,0.025257788,0.821702183,3.320757665,3.796606473,1.508801341,0.025257788,,,,3.35
8/31/20,7.006468732,4.932416415,2.235188882,0.018047787,-0.978804349,0.660733926,4.58509779,0.440407377,0.018047787,,,,1.16
9/30/20,-3.92279541,-2.862302803,-1.580618781,0.016108422,0.717154117,-1.654864145,-3.639340457,-4.932858317,0.016108422,10.4760348,4.387111883,2.675518004,-1.41
10/31/20,-2.766577461,-4.055140758,2.075700159,0.004491048,-0.120705767,-0.119598873,-3.574683955,-2.652061113,0.004491048,,,,-0.47
11/30/20,10.75456581,15.37818529,9.254854462,0.022763946,0.145274453,3.749513046,12.04054815,17.29345573,0.022763946,,,,3.75
12/31/20,3.712140666,4.562011404,7.398700144,-0.001161161,0.04256883,1.794617402,5.970731686,3.438525625,-0.001161161,12.18866622,4.97859373,4.218913271,3.58
1/31/21,-1.113664016,-1.093347947,3.092000077,0.032745134,-0.666514815,-1.213151679,4.944118607,-0.903055745,0.032745134,,,,-0.2
2/28/21,2.609147497,2.110188844,0.770349904,0.013155675,-1.82849214,-2.563857093,10.58240766,5.659819713,0.013155675,,,,1.76
3/31/21,4.243863401,1.818991771,-1.485643844,0.018570275,-0.345444687,-1.037731241,-2.154036328,2.382284382,0.018570275,10.46145279,5.424561903,3.281530685,0.3
4/30/21,5.242581597,2.725775297,2.50327398,0.001083065,-0.019798149,1.912399587,8.230593648,6.666363098,0.001083065,,,,2.07
5/31/21,0.548578246,2.886609021,2.342180808,0.015085383,0.104995858,1.082985651,2.521696003,0.943436499,0.015085383,,,,1.53
6/30/21,2.221421947,-1.245869645,0.206118543,-0.008199023,0.493934565,0.889599118,4.292931523,0.5159435,-0.008199023,12.5895463,5.444440691,5.931843462,0.01
7/31/21,2.274857475,0.701603128,-6.671259994,0.00881854,1.370844467,0.541840388,1.574259381,3.870750589,0.00881854,,,,-0.53
8/31/21,2.898985316,1.522143556,2.648984792,0.011757017,-0.055172225,0.911639882,-2.301749088,0.182274789,0.011757017,,,,0.32
9/30/21,-4.756936153,-3.188272268,-3.938929832,0.002165512,-1.360197986,-1.961686897,6.033314029,-4.047224356,0.002165512,3.716271945,4.37032409,7.818167933,0.08
10/31/21,6.914388935,2.377607855,1.000998582,-0.003170859,-0.29480275,0.059765075,5.797060094,6.286870049,-0.003170859,,,,1.1
11/30/21,-0.833351609,-4.788003852,-4.066916028,-0.011601072,1.117412396,-1.449635798,-10.82359279,-1.482714875,-0.011601072,,,,-0.83
12/31/21,4.361287497,5.052990571,1.924662066,-0.039370871,-0.909158461,1.425859078,7.59180717,8.144869215,-0.039370871,7.074207034,4.247187217,7.364581304,1.05
1/31/22,-5.25848793,-4.863618358,-1.885369027,-0.09223686,-1.382581852,-2.889098962,11.63368924,-6.117436928,-0.09223686,,,,0.8
2/28/22,-3.136051392,-1.950606091,-2.976999916,-0.052357116,-1.354679059,-5.504741567,8.773832303,-1.375346809,-0.052357116,,,,1.15
3/31/22,3.577300197,0.116196878,-2.22390902,-0.119957503,-1.816647549,-1.116159672,9.633333442,4.091146566,-0.119957503,0.046683855,1.332528417,4.495975722,2.92
4/30/22,-8.795671915,-6.780775243,-5.547509859,-0.044844128,-2.58327237,-5.480327232,5.119661537,-5.432222694,-0.044844128,,,,0.12
5/31/22,0.005275985,0.205184783,0.465322495,0.137852772,-0.643569403,0.189070479,5.069725889,-5.221686944,0.137852772,,,,0.21
6/30/22,-8.391954983,-9.401396709,-6.5626621,-0.239204965,-1.256046692,-5.537427749,-7.643201413,-10.65690287,-0.239204965,-2.126305743,-1.297569056,1.469427697,-1.66
7/31/22,9.111608346,4.927519642,-0.16187558,0.117713697,2.146751149,3.197021042,-0.042276879,9.531845138,0.117713697,,,,0.38
8/31/22,-4.243988738,-4.994553062,0.454970898,0.067285664,-2.896677414,-1.168649792,-2.678561946,-7.412624351,0.067285664,,,,0.89
9/30/22,-9.339570164,-9.726700109,-11.67350453,-0.066309757,-3.039854764,-6.072005266,-7.801228633,-11.92830655,-0.066309757,-1.8203489,1.713579084,-0.273763785,-0.02
10/31/22,7.986345458,5.327871149,-3.09164685,0.115634031,-0.423572296,0.078313891,6.704914012,5.354925776,0.115634031,,,,0.44
11/30/22,5.375286029,11.08700445,14.84715868,0.31929292,1.904185174,6.949739887,-1.705461653,3.837679971,0.31929292,,,,-0.1
12/31/22,-5.89714493,-0.005222767,-1.351439857,0.399487852,-1.95762975,0.380158188,-1.379871847,-6.360406592,0.399487852,2.239267189,3.05679384,1.491117246,0.22
1/31/23,6.17528324,8.051223299,7.905639405,0.357723652,1.998480727,3.108157077,-0.08744867,10.74458555,0.357723652,,,,1.04
2/28/23,-2.611244665,-2.225523748,-6.476745491,0.219329358,-1.564426685,-2.204608092,-3.825913875,-5.590978302,0.219329358,,,,-0.7
3/31/23,3.505132048,1.894627978,3.071759344,0.594795823,2.376119876,1.39952665,-1.073716613,-4.374779497,0.594795823,2.112501214,2.909948879,-0.235135011,-0.07
4/30/23,1.46426078,2.44894961,-1.114248507,0.274530506,0.213300527,0.504524001,-0.758558573,-0.748431982,0.274530506,,,,0.08
5/31/23,0.248184426,-4.759613035,-1.65072692,0.250353318,-0.552484663,-0.889124539,-6.107333178,-3.589825288,0.250353318,,,,0.1
6/30/23,6.472778306,4.403826298,3.891853471,0.399888855,-0.358676195,1.926844794,4.390520857,5.12255577,0.399888855,2.391221616,2.449642448,0.050834925,1.18
7/31/23,3.113937038,3.172984019,6.29333844,0.443231235,-0.349828957,1.608381736,10.73560813,2.247838617,0.443231235,,,,1.05
8/31/23,-1.771664654,-4.101478884,-6.131165703,0.43698327,-0.23880824,-1.395800419,0.596866812,-4.422465922,0.43698327,,,,-0.53
9/30/23,-4.871906932,-3.693312947,-2.574967159,0.42158191,-1.795069065,-2.81048109,4.115841212,-7.806551928,0.42158191,2.118565322,2.287168147,-0.81910422,0
10/31/23,-2.197968261,-4.103168147,-3.874454513,0.447740507,-0.665192266,-1.454123997,-4.184749643,-4.169816807,0.447740507,,,,-0.59
11/30/23,8.917924336,9.08637108,8.019781689,0.529541744,2.942068495,5.793309718,-3.644865771,9.297244811,0.529541744,,,,1.87
12/31/23,4.422850295,5.23564988,3.946054438,0.246780948,2.89012503,4.805236494,-3.309050208,7.978900611,0.246780948,,,,2.25
1/31/24,1.589575138,0.538559887,-4.634086861,,-0.493185215,-1.17781584,4.466435027,-6.083200494,,,,,-0.12
2/29/24,3.300322269,0.400645865,4.190461895,,-1.139555645,-0.29253452,0.86477423,0.224485326,,,,,